Customer_ID,Planted_Risk
CUST00001,Low
CUST00002,Low
CUST00003,Low
CUST00004,Low
CUST00005,Low
CUST00006,Low
CUST00007,Low
CUST00008,Low
CUST00009,Medium
CUST00010,Low
CUST00011,Low
CUST00012,Low
CUST00013,Low
CUST00014,Low
CUST00015,Low
CUST00016,Low
CUST00017,Low
CUST00018,Low
CUST00019,Low
CUST00020,Low
CUST00021,Low
CUST00022,Low
CUST00023,Low
CUST00024,Low
CUST00025,Low
CUST00026,Medium
CUST00027,Low
CUST00028,Low
CUST00029,Low
CUST00030,Low
CUST00031,Low
CUST00032,Low
CUST00033,Low
CUST00034,Low
CUST00035,Low
CUST00036,Low
CUST00037,Low
CUST00038,Low
CUST00039,Low
CUST00040,Low
CUST00041,Low
CUST00042,Low
CUST00043,Low
CUST00044,Low
CUST00045,Low
CUST00046,Low
CUST00047,Low
CUST00048,Medium
CUST00049,Low
CUST00050,Low
CUST00051,Low
CUST00052,Low
CUST00053,Low
CUST00054,Medium
CUST00055,Low
CUST00056,Low
CUST00057,Low
CUST00058,Low
CUST00059,Low
CUST00060,Low
CUST00061,Low
CUST00062,Low
CUST00063,Low
CUST00064,Low
CUST00065,Low
CUST00066,Low
CUST00067,Low
CUST00068,Medium
CUST00069,Low
CUST00070,Low
CUST00071,Low
CUST00072,Low
CUST00073,Low
CUST00074,Low
CUST00075,Low
CUST00076,Low
CUST00077,Low
CUST00078,Low
CUST00079,Low
CUST00080,Low
CUST00081,Low
CUST00082,Low
CUST00083,Low
CUST00084,Low
CUST00085,Low
CUST00086,Medium
CUST00087,Low
CUST00088,Medium
CUST00089,Low
CUST00090,Low
CUST00091,Low
CUST00092,Low
CUST00093,Low
CUST00094,Low
CUST00095,Medium
CUST00096,Low
CUST00097,Low
CUST00098,Low
CUST00099,Low
CUST00100,Low
CUST00101,Low
CUST00102,Low
CUST00103,Low
CUST00104,High
CUST00105,Low
CUST00106,Low
CUST00107,Low
CUST00108,Low
CUST00109,Low
CUST00110,Low
CUST00111,Low
CUST00112,Low
CUST00113,Low
CUST00114,Medium
CUST00115,Low
CUST00116,Low
CUST00117,Medium
CUST00118,Low
CUST00119,Low
CUST00120,Low
CUST00121,Low
CUST00122,Low
CUST00123,Low
CUST00124,Low
CUST00125,Low
CUST00126,Low
CUST00127,Low
CUST00128,Low
CUST00129,Low
CUST00130,Low
CUST00131,Low
CUST00132,Low
CUST00133,Low
CUST00134,Low
CUST00135,Low
CUST00136,Low
CUST00137,Low
CUST00138,Low
CUST00139,Low
CUST00140,Low
CUST00141,Low
CUST00142,Low
CUST00143,Low
CUST00144,Medium
CUST00145,Low
CUST00146,Low
CUST00147,Low
CUST00148,Low
CUST00149,Low
CUST00150,Low
CUST00151,Low
CUST00152,Low
CUST00153,Low
CUST00154,Low
CUST00155,Low
CUST00156,Low
CUST00157,Low
CUST00158,Low
CUST00159,Low
CUST00160,Medium
CUST00161,Low
CUST00162,Low
CUST00163,Low
CUST00164,High
CUST00165,Low
CUST00166,Low
CUST00167,Low
CUST00168,Low
CUST00169,Low
CUST00170,Low
CUST00171,Low
CUST00172,Low
CUST00173,Medium
CUST00174,Low
CUST00175,Low
CUST00176,Low
CUST00177,Low
CUST00178,Low
CUST00179,Low
CUST00180,Low
CUST00181,Low
CUST00182,Low
CUST00183,Low
CUST00184,Low
CUST00185,Low
CUST00186,High
CUST00187,Low
CUST00188,Low
CUST00189,Low
CUST00190,Low
CUST00191,Low
CUST00192,Low
CUST00193,Low
CUST00194,Low
CUST00195,Low
CUST00196,Low
CUST00197,Low
CUST00198,Low
CUST00199,Low
CUST00200,Low
CUST00201,Low
CUST00202,Low
CUST00203,Low
CUST00204,Low
CUST00205,Low
CUST00206,Low
CUST00207,Low
CUST00208,Low
CUST00209,Low
CUST00210,Low
CUST00211,Medium
CUST00212,High
CUST00213,Low
CUST00214,Low
CUST00215,Low
CUST00216,Low
CUST00217,Low
CUST00218,Low
CUST00219,Low
CUST00220,Low
CUST00221,Low
CUST00222,Low
CUST00223,Low
CUST00224,Low
CUST00225,Low
CUST00226,Low
CUST00227,Medium
CUST00228,Low
CUST00229,Low
CUST00230,Low
CUST00231,Low
CUST00232,Low
CUST00233,Low
CUST00234,Low
CUST00235,Medium
CUST00236,Low
CUST00237,Low
CUST00238,Low
CUST00239,Low
CUST00240,Low
CUST00241,Low
CUST00242,Low
CUST00243,Low
CUST00244,High
CUST00245,Low
CUST00246,Low
CUST00247,Low
CUST00248,Low
CUST00249,Low
CUST00250,Low
CUST00251,Low
CUST00252,Low
CUST00253,Low
CUST00254,Low
CUST00255,Low
CUST00256,Low
CUST00257,Low
CUST00258,Low
CUST00259,Low
CUST00260,High
CUST00261,Low
CUST00262,Low
CUST00263,Low
CUST00264,Low
CUST00265,Low
CUST00266,Low
CUST00267,Low
CUST00268,Low
CUST00269,Low
CUST00270,Low
CUST00271,Low
CUST00272,Low
CUST00273,High
CUST00274,Low
CUST00275,Low
CUST00276,Low
CUST00277,Low
CUST00278,High
CUST00279,Low
CUST00280,Low
CUST00281,Low
CUST00282,Low
CUST00283,Low
CUST00284,High
CUST00285,Low
CUST00286,Low
CUST00287,Low
CUST00288,Low
CUST00289,Low
CUST00290,Low
CUST00291,Low
CUST00292,Low
CUST00293,Low
CUST00294,Low
CUST00295,Low
CUST00296,Medium
CUST00297,Low
CUST00298,Low
CUST00299,Low
CUST00300,Low
CUST00301,Low
CUST00302,Low
CUST00303,Low
CUST00304,Low
CUST00305,Low
CUST00306,Low
CUST00307,Low
CUST00308,Low
CUST00309,Low
CUST00310,Low
CUST00311,Medium
CUST00312,Low
CUST00313,Low
CUST00314,Low
CUST00315,Low
CUST00316,Low
CUST00317,Low
CUST00318,Low
CUST00319,Low
CUST00320,Low
CUST00321,Low
CUST00322,Low
CUST00323,Low
CUST00324,Low
CUST00325,Low
CUST00326,Low
CUST00327,Medium
CUST00328,Low
CUST00329,Low
CUST00330,High
CUST00331,Low
CUST00332,Low
CUST00333,Low
CUST00334,Low
CUST00335,Low
CUST00336,Low
CUST00337,Low
CUST00338,Low
CUST00339,Low
CUST00340,Medium
CUST00341,Low
CUST00342,Low
CUST00343,Low
CUST00344,Low
CUST00345,Medium
CUST00346,Low
CUST00347,Low
CUST00348,Low
CUST00349,Low
CUST00350,Low
CUST00351,Low
CUST00352,Low
CUST00353,Low
CUST00354,Low
CUST00355,Low
CUST00356,Low
CUST00357,Low
CUST00358,Low
CUST00359,Low
CUST00360,Low
CUST00361,Low
CUST00362,Low
CUST00363,Low
CUST00364,Low
CUST00365,High
CUST00366,Low
CUST00367,Low
CUST00368,Low
CUST00369,Low
CUST00370,Low
CUST00371,Low
CUST00372,Low
CUST00373,Low
CUST00374,Low
CUST00375,Low
CUST00376,Low
CUST00377,High
CUST00378,Low
CUST00379,Low
CUST00380,High
CUST00381,Low
CUST00382,Low
CUST00383,Low
CUST00384,Low
CUST00385,Low
CUST00386,Low
CUST00387,Low
CUST00388,High
CUST00389,Low
CUST00390,Low
CUST00391,Medium
CUST00392,Low
CUST00393,Low
CUST00394,Low
CUST00395,Low
CUST00396,Low
CUST00397,Low
CUST00398,Low
CUST00399,Low
CUST00400,Medium
CUST00401,Low
CUST00402,Low
CUST00403,Low
CUST00404,Medium
CUST00405,Medium
CUST00406,Low
CUST00407,Low
CUST00408,Low
CUST00409,Low
CUST00410,Low
CUST00411,Low
CUST00412,Low
CUST00413,Low
CUST00414,Low
CUST00415,Low
CUST00416,Low
CUST00417,Low
CUST00418,Low
CUST00419,Low
CUST00420,Low
CUST00421,Medium
CUST00422,Low
CUST00423,Low
CUST00424,Medium
CUST00425,Low
CUST00426,Low
CUST00427,Low
CUST00428,Low
CUST00429,Low
CUST00430,Low
CUST00431,Low
CUST00432,Low
CUST00433,Low
CUST00434,Low
CUST00435,Medium
CUST00436,High
CUST00437,Low
CUST00438,Low
CUST00439,Low
CUST00440,Low
CUST00441,Low
CUST00442,Low
CUST00443,Low
CUST00444,Medium
CUST00445,Low
CUST00446,Low
CUST00447,High
CUST00448,Low
CUST00449,Low
CUST00450,Low
CUST00451,Low
CUST00452,Low
CUST00453,Low
CUST00454,Medium
CUST00455,Medium
CUST00456,Low
CUST00457,Low
CUST00458,Medium
CUST00459,Low
CUST00460,Low
CUST00461,Low
CUST00462,Low
CUST00463,Low
CUST00464,Low
CUST00465,Low
CUST00466,Low
CUST00467,Medium
CUST00468,Low
CUST00469,Low
CUST00470,Low
CUST00471,Medium
CUST00472,Low
CUST00473,Low
CUST00474,Low
CUST00475,Low
CUST00476,Low
CUST00477,Low
CUST00478,High
CUST00479,Low
CUST00480,Low
CUST00481,Low
CUST00482,Low
CUST00483,Low
CUST00484,Low
CUST00485,Low
CUST00486,Low
CUST00487,High
CUST00488,Low
CUST00489,Low
CUST00490,Low
CUST00491,Low
CUST00492,Low
CUST00493,Low
CUST00494,Low
CUST00495,Low
CUST00496,Low
CUST00497,Low
CUST00498,Low
CUST00499,Low
CUST00500,High
CUST00501,Low
CUST00502,Low
CUST00503,Low
CUST00504,Low
CUST00505,Low
CUST00506,Low
CUST00507,Low
CUST00508,Low
CUST00509,Low
CUST00510,Low
CUST00511,Medium
CUST00512,Low
CUST00513,Medium
CUST00514,Low
CUST00515,Low
CUST00516,Medium
CUST00517,Medium
CUST00518,Low
CUST00519,Low
CUST00520,Low
CUST00521,Low
CUST00522,Low
CUST00523,Low
CUST00524,Low
CUST00525,Low
CUST00526,Low
CUST00527,Low
CUST00528,Low
CUST00529,Low
CUST00530,Low
CUST00531,Low
CUST00532,Low
CUST00533,Low
CUST00534,Low
CUST00535,Low
CUST00536,Low
CUST00537,Low
CUST00538,Low
CUST00539,Low
CUST00540,Low
CUST00541,Low
CUST00542,Low
CUST00543,Low
CUST00544,Low
CUST00545,Low
CUST00546,High
CUST00547,Low
CUST00548,Low
CUST00549,Low
CUST00550,Low
CUST00551,Low
CUST00552,Low
CUST00553,Low
CUST00554,Low
CUST00555,Low
CUST00556,Low
CUST00557,Low
CUST00558,Low
CUST00559,Low
CUST00560,Low
CUST00561,Low
CUST00562,Low
CUST00563,Low
CUST00564,Low
CUST00565,Low
CUST00566,Low
CUST00567,Low
CUST00568,Low
CUST00569,Low
CUST00570,Low
CUST00571,Low
CUST00572,Low
CUST00573,Medium
CUST00574,Low
CUST00575,Low
CUST00576,Low
CUST00577,Low
CUST00578,High
CUST00579,Low
CUST00580,Low
CUST00581,Low
CUST00582,Low
CUST00583,Low
CUST00584,Low
CUST00585,Low
CUST00586,Low
CUST00587,Low
CUST00588,Low
CUST00589,Low
CUST00590,Low
CUST00591,Low
CUST00592,Low
CUST00593,Low
CUST00594,Low
CUST00595,Low
CUST00596,Low
CUST00597,Low
CUST00598,Medium
CUST00599,Low
CUST00600,Low
CUST00601,Medium
CUST00602,Low
CUST00603,Low
CUST00604,Low
CUST00605,Low
CUST00606,Low
CUST00607,Low
CUST00608,Low
CUST00609,Low
CUST00610,Low
CUST00611,Low
CUST00612,Low
CUST00613,Medium
CUST00614,Low
CUST00615,Low
CUST00616,Medium
CUST00617,High
CUST00618,Low
CUST00619,Low
CUST00620,Low
CUST00621,Low
CUST00622,Low
CUST00623,Medium
CUST00624,Low
CUST00625,Medium
CUST00626,Medium
CUST00627,Low
CUST00628,Low
CUST00629,Low
CUST00630,Low
CUST00631,Low
CUST00632,Low
CUST00633,Medium
CUST00634,Low
CUST00635,Low
CUST00636,Low
CUST00637,Low
CUST00638,Medium
CUST00639,Low
CUST00640,Low
CUST00641,Low
CUST00642,Low
CUST00643,Low
CUST00644,Low
CUST00645,Low
CUST00646,Low
CUST00647,Low
CUST00648,Low
CUST00649,Low
CUST00650,Low
CUST00651,Low
CUST00652,Low
CUST00653,Low
CUST00654,Low
CUST00655,Low
CUST00656,Low
CUST00657,Low
CUST00658,Low
CUST00659,Low
CUST00660,Low
CUST00661,Low
CUST00662,Low
CUST00663,Low
CUST00664,High
CUST00665,Low
CUST00666,Low
CUST00667,Low
CUST00668,Medium
CUST00669,Low
CUST00670,Low
CUST00671,Low
CUST00672,Low
CUST00673,Low
CUST00674,Low
CUST00675,Low
CUST00676,Low
CUST00677,Low
CUST00678,Low
CUST00679,Low
CUST00680,Low
CUST00681,High
CUST00682,Medium
CUST00683,Low
CUST00684,Low
CUST00685,Low
CUST00686,Low
CUST00687,Low
CUST00688,Low
CUST00689,Low
CUST00690,Low
CUST00691,Low
CUST00692,Low
CUST00693,Low
CUST00694,Low
CUST00695,High
CUST00696,Low
CUST00697,Low
CUST00698,Low
CUST00699,Low
CUST00700,Low
CUST00701,Low
CUST00702,Low
CUST00703,Low
CUST00704,Low
CUST00705,Low
CUST00706,Low
CUST00707,Low
CUST00708,Low
CUST00709,Low
CUST00710,Low
CUST00711,High
CUST00712,Low
CUST00713,Low
CUST00714,High
CUST00715,Low
CUST00716,Low
CUST00717,Low
CUST00718,Low
CUST00719,Low
CUST00720,Low
CUST00721,Low
CUST00722,Low
CUST00723,Low
CUST00724,Low
CUST00725,Low
CUST00726,Low
CUST00727,Low
CUST00728,Low
CUST00729,Medium
CUST00730,Low
CUST00731,Low
CUST00732,Low
CUST00733,Low
CUST00734,Low
CUST00735,Low
CUST00736,Low
CUST00737,Low
CUST00738,Low
CUST00739,Medium
CUST00740,Low
CUST00741,High
CUST00742,Low
CUST00743,Low
CUST00744,Low
CUST00745,Low
CUST00746,Low
CUST00747,Low
CUST00748,Low
CUST00749,Low
CUST00750,Low
CUST00751,Low
CUST00752,Low
CUST00753,Low
CUST00754,Low
CUST00755,Low
CUST00756,Low
CUST00757,Low
CUST00758,Low
CUST00759,Low
CUST00760,Low
CUST00761,Low
CUST00762,Low
CUST00763,Low
CUST00764,Low
CUST00765,High
CUST00766,Low
CUST00767,Low
CUST00768,Low
CUST00769,Low
CUST00770,Low
CUST00771,Low
CUST00772,Low
CUST00773,Low
CUST00774,Low
CUST00775,Medium
CUST00776,Low
CUST00777,Low
CUST00778,Low
CUST00779,Low
CUST00780,Low
CUST00781,Low
CUST00782,Low
CUST00783,Low
CUST00784,Low
CUST00785,Low
CUST00786,Low
CUST00787,Low
CUST00788,Low
CUST00789,Low
CUST00790,High
CUST00791,Low
CUST00792,Low
CUST00793,Low
CUST00794,Low
CUST00795,Medium
CUST00796,Medium
CUST00797,Low
CUST00798,Low
CUST00799,Low
CUST00800,Low
CUST00801,Medium
CUST00802,Low
CUST00803,Low
CUST00804,Low
CUST00805,Low
CUST00806,Low
CUST00807,Low
CUST00808,Low
CUST00809,Low
CUST00810,Low
CUST00811,Low
CUST00812,Low
CUST00813,Low
CUST00814,Low
CUST00815,Low
CUST00816,Low
CUST00817,Low
CUST00818,Low
CUST00819,Low
CUST00820,Low
CUST00821,Low
CUST00822,Low
CUST00823,Medium
CUST00824,Low
CUST00825,Low
CUST00826,Low
CUST00827,Low
CUST00828,Low
CUST00829,Low
CUST00830,Low
CUST00831,Low
CUST00832,Medium
CUST00833,Low
CUST00834,Medium
CUST00835,Low
CUST00836,Low
CUST00837,Low
CUST00838,Low
CUST00839,Medium
CUST00840,Low
CUST00841,Low
CUST00842,Medium
CUST00843,Medium
CUST00844,Low
CUST00845,Low
CUST00846,Low
CUST00847,Low
CUST00848,Low
CUST00849,Low
CUST00850,Medium
CUST00851,Low
CUST00852,Low
CUST00853,Low
CUST00854,Low
CUST00855,Low
CUST00856,Low
CUST00857,Low
CUST00858,Low
CUST00859,Low
CUST00860,Low
CUST00861,Low
CUST00862,Low
CUST00863,Low
CUST00864,Low
CUST00865,Low
CUST00866,Low
CUST00867,Low
CUST00868,Low
CUST00869,Low
CUST00870,Low
CUST00871,Low
CUST00872,Low
CUST00873,Medium
CUST00874,Low
CUST00875,Medium
CUST00876,Low
CUST00877,Low
CUST00878,High
CUST00879,Low
CUST00880,Low
CUST00881,Low
CUST00882,Low
CUST00883,Low
CUST00884,Low
CUST00885,Low
CUST00886,Low
CUST00887,Low
CUST00888,Low
CUST00889,Low
CUST00890,Low
CUST00891,Low
CUST00892,Low
CUST00893,Low
CUST00894,Low
CUST00895,Low
CUST00896,Low
CUST00897,Low
CUST00898,Low
CUST00899,Low
CUST00900,Medium
CUST00901,Low
CUST00902,Low
CUST00903,Low
CUST00904,Low
CUST00905,Low
CUST00906,Low
CUST00907,Low
CUST00908,Low
CUST00909,Medium
CUST00910,Medium
CUST00911,Low
CUST00912,Low
CUST00913,Low
CUST00914,Low
CUST00915,Medium
CUST00916,Low
CUST00917,Low
CUST00918,Medium
CUST00919,Low
CUST00920,Medium
CUST00921,Low
CUST00922,Low
CUST00923,Low
CUST00924,Low
CUST00925,Low
CUST00926,Low
CUST00927,Low
CUST00928,Low
CUST00929,Low
CUST00930,Low
CUST00931,Low
CUST00932,Low
CUST00933,Low
CUST00934,Medium
CUST00935,Low
CUST00936,Low
CUST00937,Medium
CUST00938,Low
CUST00939,Low
CUST00940,Low
CUST00941,Low
CUST00942,Low
CUST00943,Low
CUST00944,Low
CUST00945,Low
CUST00946,High
CUST00947,Low
CUST00948,Low
CUST00949,High
CUST00950,High
CUST00951,Low
CUST00952,High
CUST00953,Low
CUST00954,Medium
CUST00955,Medium
CUST00956,Low
CUST00957,Low
CUST00958,Low
CUST00959,Low
CUST00960,High
CUST00961,Low
CUST00962,Medium
CUST00963,Low
CUST00964,Low
CUST00965,Low
CUST00966,Low
CUST00967,Low
CUST00968,Low
CUST00969,Low
CUST00970,Low
CUST00971,High
CUST00972,Low
CUST00973,Low
CUST00974,High
CUST00975,Low
CUST00976,Low
CUST00977,Low
CUST00978,Low
CUST00979,Low
CUST00980,Low
CUST00981,Low
CUST00982,Low
CUST00983,Low
CUST00984,Medium
CUST00985,Low
CUST00986,Low
CUST00987,Low
CUST00988,Low
CUST00989,Low
CUST00990,Low
CUST00991,Low
CUST00992,Low
CUST00993,Low
CUST00994,Low
CUST00995,Low
CUST00996,Low
CUST00997,Low
CUST00998,Low
CUST00999,High
CUST01000,Low
CUST01001,Low
CUST01002,Low
CUST01003,Medium
CUST01004,Low
CUST01005,Low
CUST01006,Low
CUST01007,Low
CUST01008,Low
CUST01009,Low
CUST01010,Low
CUST01011,Low
CUST01012,Low
CUST01013,Low
CUST01014,Low
CUST01015,Low
CUST01016,Low
CUST01017,Low
CUST01018,Low
CUST01019,Low
CUST01020,Low
CUST01021,Low
CUST01022,Low
CUST01023,Low
CUST01024,Low
CUST01025,Low
CUST01026,Low
CUST01027,Low
CUST01028,Low
CUST01029,Low
CUST01030,Low
CUST01031,Low
CUST01032,Low
CUST01033,Low
CUST01034,Low
CUST01035,Low
CUST01036,Low
CUST01037,Low
CUST01038,Low
CUST01039,Low
CUST01040,Low
CUST01041,Low
CUST01042,Low
CUST01043,Low
CUST01044,Low
CUST01045,Low
CUST01046,Low
CUST01047,Low
CUST01048,Low
CUST01049,Low
CUST01050,Low
CUST01051,Low
CUST01052,Low
CUST01053,Low
CUST01054,Low
CUST01055,Low
CUST01056,Low
CUST01057,Low
CUST01058,Low
CUST01059,Low
CUST01060,Low
CUST01061,Medium
CUST01062,Low
CUST01063,Low
CUST01064,Low
CUST01065,Low
CUST01066,Low
CUST01067,Low
CUST01068,Medium
CUST01069,Low
CUST01070,Low
CUST01071,Low
CUST01072,Low
CUST01073,Low
CUST01074,Low
CUST01075,Low
CUST01076,Low
CUST01077,Medium
CUST01078,Low
CUST01079,Low
CUST01080,Low
CUST01081,Low
CUST01082,Medium
CUST01083,Low
CUST01084,Low
CUST01085,Low
CUST01086,Low
CUST01087,Low
CUST01088,Low
CUST01089,Low
CUST01090,Low
CUST01091,Low
CUST01092,Medium
CUST01093,Low
CUST01094,Low
CUST01095,Low
CUST01096,Low
CUST01097,Low
CUST01098,Low
CUST01099,Low
CUST01100,Low
CUST01101,Medium
CUST01102,Low
CUST01103,Low
CUST01104,Low
CUST01105,Low
CUST01106,Low
CUST01107,Low
CUST01108,Low
CUST01109,Low
CUST01110,Low
CUST01111,Medium
CUST01112,Low
CUST01113,Medium
CUST01114,Low
CUST01115,High
CUST01116,Low
CUST01117,Low
CUST01118,Low
CUST01119,Low
CUST01120,Low
CUST01121,Low
CUST01122,Low
CUST01123,Low
CUST01124,Low
CUST01125,Low
CUST01126,Low
CUST01127,High
CUST01128,Medium
CUST01129,Low
CUST01130,Low
CUST01131,Medium
CUST01132,Low
CUST01133,Low
CUST01134,Low
CUST01135,Low
CUST01136,Low
CUST01137,Low
CUST01138,Low
CUST01139,Low
CUST01140,Low
CUST01141,Low
CUST01142,Low
CUST01143,Low
CUST01144,Low
CUST01145,Low
CUST01146,Low
CUST01147,Low
CUST01148,Low
CUST01149,High
CUST01150,Low
CUST01151,Medium
CUST01152,Low
CUST01153,Low
CUST01154,High
CUST01155,Low
CUST01156,Low
CUST01157,Low
CUST01158,Low
CUST01159,Low
CUST01160,Low
CUST01161,Low
CUST01162,Low
CUST01163,Low
CUST01164,Low
CUST01165,Low
CUST01166,Low
CUST01167,Low
CUST01168,Low
CUST01169,Medium
CUST01170,Low
CUST01171,Medium
CUST01172,Low
CUST01173,Low
CUST01174,Low
CUST01175,Low
CUST01176,Low
CUST01177,Medium
CUST01178,Low
CUST01179,Low
CUST01180,Low
CUST01181,High
CUST01182,Low
CUST01183,Low
CUST01184,Medium
CUST01185,Low
CUST01186,Low
CUST01187,Low
CUST01188,Low
CUST01189,Low
CUST01190,High
CUST01191,Low
CUST01192,Low
CUST01193,Low
CUST01194,Low
CUST01195,Low
CUST01196,Low
CUST01197,Medium
CUST01198,Low
CUST01199,Low
CUST01200,Low
CUST01201,Low
CUST01202,Low
CUST01203,Low
CUST01204,Low
CUST01205,Low
CUST01206,Low
CUST01207,Low
CUST01208,Low
CUST01209,Low
CUST01210,Low
CUST01211,Low
CUST01212,Low
CUST01213,Low
CUST01214,Low
CUST01215,Low
CUST01216,Low
CUST01217,Low
CUST01218,Low
CUST01219,Low
CUST01220,Low
CUST01221,Low
CUST01222,Low
CUST01223,Low
CUST01224,Medium
CUST01225,Low
CUST01226,Low
CUST01227,Low
CUST01228,Low
CUST01229,Low
CUST01230,Low
CUST01231,Low
CUST01232,Low
CUST01233,Low
CUST01234,Low
CUST01235,Low
CUST01236,Low
CUST01237,High
CUST01238,Low
CUST01239,Low
CUST01240,Low
CUST01241,Low
CUST01242,Low
CUST01243,Low
CUST01244,Low
CUST01245,Low
CUST01246,Medium
CUST01247,Low
CUST01248,Low
CUST01249,Low
CUST01250,Low
CUST01251,Low
CUST01252,Low
CUST01253,Low
CUST01254,Low
CUST01255,Low
CUST01256,Medium
CUST01257,Low
CUST01258,Low
CUST01259,Low
CUST01260,Low
CUST01261,Low
CUST01262,Low
CUST01263,Low
CUST01264,Low
CUST01265,Low
CUST01266,Low
CUST01267,Low
CUST01268,Low
CUST01269,Low
CUST01270,Low
CUST01271,Low
CUST01272,Low
CUST01273,Low
CUST01274,Low
CUST01275,Low
CUST01276,Low
CUST01277,Low
CUST01278,Low
CUST01279,Low
CUST01280,Low
CUST01281,Low
CUST01282,Low
CUST01283,Low
CUST01284,Low
CUST01285,Low
CUST01286,Medium
CUST01287,Medium
CUST01288,Low
CUST01289,Low
CUST01290,Low
CUST01291,Low
CUST01292,Low
CUST01293,Low
CUST01294,Low
CUST01295,Low
CUST01296,Low
CUST01297,Low
CUST01298,Low
CUST01299,Low
CUST01300,Low
CUST01301,Low
CUST01302,Medium
CUST01303,Low
CUST01304,Low
CUST01305,Low
CUST01306,Low
CUST01307,Low
CUST01308,Low
CUST01309,Low
CUST01310,Low
CUST01311,Low
CUST01312,Low
CUST01313,Low
CUST01314,Low
CUST01315,Low
CUST01316,Low
CUST01317,Low
CUST01318,Low
CUST01319,Low
CUST01320,Low
CUST01321,Low
CUST01322,Low
CUST01323,Low
CUST01324,Low
CUST01325,Low
CUST01326,Low
CUST01327,Low
CUST01328,Low
CUST01329,Low
CUST01330,Medium
CUST01331,Low
CUST01332,Low
CUST01333,Low
CUST01334,Low
CUST01335,Low
CUST01336,Low
CUST01337,Low
CUST01338,Low
CUST01339,Low
CUST01340,Low
CUST01341,Low
CUST01342,Low
CUST01343,Low
CUST01344,Low
CUST01345,Low
CUST01346,Low
CUST01347,Low
CUST01348,Low
CUST01349,Low
CUST01350,Low
CUST01351,Low
CUST01352,Low
CUST01353,Low
CUST01354,Low
CUST01355,Low
CUST01356,Low
CUST01357,Low
CUST01358,Low
CUST01359,Low
CUST01360,Low
CUST01361,Low
CUST01362,Low
CUST01363,Low
CUST01364,Low
CUST01365,Low
CUST01366,Low
CUST01367,Low
CUST01368,Low
CUST01369,Low
CUST01370,Low
CUST01371,Low
CUST01372,Low
CUST01373,Low
CUST01374,Low
CUST01375,Low
CUST01376,Low
CUST01377,Low
CUST01378,Low
CUST01379,Low
CUST01380,Low
CUST01381,Low
CUST01382,Low
CUST01383,High
CUST01384,Low
CUST01385,Low
CUST01386,Low
CUST01387,Low
CUST01388,Low
CUST01389,Low
CUST01390,Low
CUST01391,Low
CUST01392,Low
CUST01393,Low
CUST01394,Low
CUST01395,Low
CUST01396,Low
CUST01397,Low
CUST01398,Low
CUST01399,Low
CUST01400,Low
CUST01401,Low
CUST01402,Low
CUST01403,Low
CUST01404,Low
CUST01405,Low
CUST01406,Low
CUST01407,Medium
CUST01408,Low
CUST01409,Low
CUST01410,Low
CUST01411,Low
CUST01412,Low
CUST01413,Low
CUST01414,Low
CUST01415,Low
CUST01416,Low
CUST01417,High
CUST01418,Low
CUST01419,Medium
CUST01420,Medium
CUST01421,Low
CUST01422,Low
CUST01423,Low
CUST01424,Low
CUST01425,Low
CUST01426,Low
CUST01427,Medium
CUST01428,Low
CUST01429,Low
CUST01430,Low
CUST01431,Low
CUST01432,Low
CUST01433,Medium
CUST01434,Medium
CUST01435,Low
CUST01436,Low
CUST01437,Medium
CUST01438,Low
CUST01439,Low
CUST01440,Low
CUST01441,Low
CUST01442,Low
CUST01443,Medium
CUST01444,High
CUST01445,Low
CUST01446,Low
CUST01447,Low
CUST01448,Low
CUST01449,Low
CUST01450,Low
CUST01451,Low
CUST01452,Low
CUST01453,Low
CUST01454,Low
CUST01455,Low
CUST01456,Medium
CUST01457,Low
CUST01458,Low
CUST01459,Low
CUST01460,Low
CUST01461,Low
CUST01462,Low
CUST01463,Low
CUST01464,Low
CUST01465,Low
CUST01466,Low
CUST01467,Low
CUST01468,Low
CUST01469,Low
CUST01470,Low
CUST01471,Low
CUST01472,Low
CUST01473,Low
CUST01474,High
CUST01475,Low
CUST01476,Low
CUST01477,Low
CUST01478,Low
CUST01479,Low
CUST01480,Low
CUST01481,Low
CUST01482,Low
CUST01483,Low
CUST01484,Low
CUST01485,Low
CUST01486,Low
CUST01487,Low
CUST01488,Low
CUST01489,Medium
CUST01490,Low
CUST01491,Low
CUST01492,Medium
CUST01493,Low
CUST01494,Low
CUST01495,Low
CUST01496,Low
CUST01497,Low
CUST01498,Low
CUST01499,Low
CUST01500,Low
CUST01501,Low
CUST01502,Low
CUST01503,Low
CUST01504,Low
CUST01505,Low
CUST01506,Medium
CUST01507,Low
CUST01508,Low
CUST01509,Low
CUST01510,Medium
CUST01511,Low
CUST01512,Low
CUST01513,Low
CUST01514,Low
CUST01515,Low
CUST01516,Low
CUST01517,Low
CUST01518,Low
CUST01519,Low
CUST01520,Low
CUST01521,Low
CUST01522,Low
CUST01523,Low
CUST01524,Low
CUST01525,Low
CUST01526,Low
CUST01527,Low
CUST01528,High
CUST01529,Low
CUST01530,Low
CUST01531,Low
CUST01532,Low
CUST01533,Low
CUST01534,Low
CUST01535,Low
CUST01536,Low
CUST01537,Low
CUST01538,Low
CUST01539,Low
CUST01540,Low
CUST01541,Low
CUST01542,Medium
CUST01543,Low
CUST01544,Low
CUST01545,Low
CUST01546,High
CUST01547,Low
CUST01548,Low
CUST01549,Low
CUST01550,Low
CUST01551,Low
CUST01552,Low
CUST01553,Low
CUST01554,Low
CUST01555,Low
CUST01556,Low
CUST01557,Low
CUST01558,Low
CUST01559,Low
CUST01560,Low
CUST01561,Low
CUST01562,Low
CUST01563,Medium
CUST01564,High
CUST01565,Low
CUST01566,Low
CUST01567,Low
CUST01568,Low
CUST01569,Low
CUST01570,Low
CUST01571,Low
CUST01572,Low
CUST01573,Low
CUST01574,Low
CUST01575,Low
CUST01576,Low
CUST01577,Low
CUST01578,Low
CUST01579,Low
CUST01580,Low
CUST01581,Low
CUST01582,Low
CUST01583,Low
CUST01584,Medium
CUST01585,Low
CUST01586,Low
CUST01587,Low
CUST01588,Low
CUST01589,Low
CUST01590,Low
CUST01591,Low
CUST01592,Low
CUST01593,Low
CUST01594,Low
CUST01595,Low
CUST01596,Low
CUST01597,Medium
CUST01598,Low
CUST01599,Low
CUST01600,Low
CUST01601,Low
CUST01602,Low
CUST01603,Low
CUST01604,Low
CUST01605,Low
CUST01606,Low
CUST01607,High
CUST01608,Low
CUST01609,Low
CUST01610,Low
CUST01611,Low
CUST01612,Low
CUST01613,Low
CUST01614,High
CUST01615,Low
CUST01616,Low
CUST01617,Low
CUST01618,Low
CUST01619,Low
CUST01620,Low
CUST01621,Low
CUST01622,Medium
CUST01623,Low
CUST01624,Low
CUST01625,Low
CUST01626,Low
CUST01627,Low
CUST01628,Low
CUST01629,Medium
CUST01630,Low
CUST01631,Medium
CUST01632,Low
CUST01633,Low
CUST01634,Low
CUST01635,Medium
CUST01636,Low
CUST01637,Low
CUST01638,Low
CUST01639,Low
CUST01640,Low
CUST01641,Low
CUST01642,Low
CUST01643,Low
CUST01644,Low
CUST01645,Low
CUST01646,Low
CUST01647,Low
CUST01648,Low
CUST01649,Low
CUST01650,Low
CUST01651,Medium
CUST01652,Low
CUST01653,Low
CUST01654,Low
CUST01655,Low
CUST01656,Low
CUST01657,Medium
CUST01658,Low
CUST01659,Low
CUST01660,Low
CUST01661,Low
CUST01662,Low
CUST01663,Medium
CUST01664,Low
CUST01665,Low
CUST01666,Low
CUST01667,Low
CUST01668,Low
CUST01669,Low
CUST01670,Low
CUST01671,Low
CUST01672,Low
CUST01673,Medium
CUST01674,Low
CUST01675,Low
CUST01676,Low
CUST01677,Low
CUST01678,Low
CUST01679,Low
CUST01680,Low
CUST01681,Low
CUST01682,Medium
CUST01683,Low
CUST01684,Low
CUST01685,High
CUST01686,Low
CUST01687,Low
CUST01688,Low
CUST01689,Low
CUST01690,Low
CUST01691,Low
CUST01692,Low
CUST01693,Low
CUST01694,Medium
CUST01695,Low
CUST01696,Low
CUST01697,Low
CUST01698,Medium
CUST01699,Low
CUST01700,Low
CUST01701,Low
CUST01702,Low
CUST01703,Low
CUST01704,Low
CUST01705,Low
CUST01706,Low
CUST01707,Low
CUST01708,Low
CUST01709,Low
CUST01710,High
CUST01711,Low
CUST01712,Low
CUST01713,Low
CUST01714,Low
CUST01715,Low
CUST01716,High
CUST01717,Low
CUST01718,Low
CUST01719,Low
CUST01720,Medium
CUST01721,Low
CUST01722,Low
CUST01723,Medium
CUST01724,Medium
CUST01725,Low
CUST01726,Low
CUST01727,Low
CUST01728,Low
CUST01729,Low
CUST01730,Low
CUST01731,Low
CUST01732,Low
CUST01733,Low
CUST01734,Low
CUST01735,Low
CUST01736,Low
CUST01737,Low
CUST01738,Low
CUST01739,Low
CUST01740,Low
CUST01741,High
CUST01742,Low
CUST01743,Low
CUST01744,Low
CUST01745,Medium
CUST01746,Low
CUST01747,Low
CUST01748,Low
CUST01749,Low
CUST01750,Low
CUST01751,Low
CUST01752,Low
CUST01753,Low
CUST01754,Low
CUST01755,Low
CUST01756,Medium
CUST01757,Low
CUST01758,Low
CUST01759,Low
CUST01760,Low
CUST01761,Low
CUST01762,Low
CUST01763,Low
CUST01764,Low
CUST01765,Low
CUST01766,Medium
CUST01767,Low
CUST01768,Medium
CUST01769,Low
CUST01770,Low
CUST01771,Low
CUST01772,Low
CUST01773,Low
CUST01774,Low
CUST01775,Low
CUST01776,Low
CUST01777,Low
CUST01778,Low
CUST01779,Low
CUST01780,Low
CUST01781,Low
CUST01782,Low
CUST01783,Low
CUST01784,Low
CUST01785,Low
CUST01786,High
CUST01787,Low
CUST01788,Low
CUST01789,Low
CUST01790,Low
CUST01791,Low
CUST01792,Low
CUST01793,Low
CUST01794,Low
CUST01795,Low
CUST01796,Low
CUST01797,Low
CUST01798,Low
CUST01799,Low
CUST01800,Medium
CUST01801,Low
CUST01802,Low
CUST01803,Low
CUST01804,Low
CUST01805,Low
CUST01806,Low
CUST01807,Low
CUST01808,Low
CUST01809,Low
CUST01810,Low
CUST01811,Low
CUST01812,Low
CUST01813,Low
CUST01814,Low
CUST01815,Medium
CUST01816,Low
CUST01817,High
CUST01818,Low
CUST01819,Low
CUST01820,Low
CUST01821,Low
CUST01822,Low
CUST01823,Low
CUST01824,Low
CUST01825,Low
CUST01826,Low
CUST01827,Low
CUST01828,Low
CUST01829,Medium
CUST01830,Low
CUST01831,Medium
CUST01832,Low
CUST01833,Low
CUST01834,Low
CUST01835,Low
CUST01836,Low
CUST01837,Low
CUST01838,Low
CUST01839,Low
CUST01840,Low
CUST01841,High
CUST01842,Low
CUST01843,Low
CUST01844,Low
CUST01845,Medium
CUST01846,Low
CUST01847,Low
CUST01848,Low
CUST01849,Low
CUST01850,Low
CUST01851,Low
CUST01852,Low
CUST01853,Low
CUST01854,Medium
CUST01855,Low
CUST01856,Low
CUST01857,Low
CUST01858,Low
CUST01859,Low
CUST01860,Low
CUST01861,Low
CUST01862,Low
CUST01863,Low
CUST01864,Low
CUST01865,Low
CUST01866,Low
CUST01867,Low
CUST01868,Low
CUST01869,Low
CUST01870,Low
CUST01871,Low
CUST01872,Low
CUST01873,Low
CUST01874,Low
CUST01875,Low
CUST01876,High
CUST01877,Low
CUST01878,Low
CUST01879,Low
CUST01880,Low
CUST01881,Low
CUST01882,Low
CUST01883,Low
CUST01884,Low
CUST01885,Low
CUST01886,Low
CUST01887,Medium
CUST01888,Low
CUST01889,Low
CUST01890,Low
CUST01891,Low
CUST01892,Low
CUST01893,Low
CUST01894,Low
CUST01895,Low
CUST01896,Low
CUST01897,Low
CUST01898,Low
CUST01899,Low
CUST01900,High
CUST01901,Low
CUST01902,Low
CUST01903,Low
CUST01904,Medium
CUST01905,Low
CUST01906,Low
CUST01907,Low
CUST01908,Low
CUST01909,Low
CUST01910,Low
CUST01911,Low
CUST01912,Low
CUST01913,Low
CUST01914,Low
CUST01915,Low
CUST01916,Low
CUST01917,Low
CUST01918,Low
CUST01919,Low
CUST01920,Low
CUST01921,Low
CUST01922,Low
CUST01923,Low
CUST01924,Low
CUST01925,Low
CUST01926,Low
CUST01927,Low
CUST01928,Low
CUST01929,Low
CUST01930,Low
CUST01931,Low
CUST01932,Low
CUST01933,Low
CUST01934,Low
CUST01935,Low
CUST01936,Low
CUST01937,Low
CUST01938,Low
CUST01939,Low
CUST01940,Low
CUST01941,Low
CUST01942,Low
CUST01943,Low
CUST01944,Low
CUST01945,Low
CUST01946,Low
CUST01947,Low
CUST01948,Low
CUST01949,Low
CUST01950,Low
CUST01951,Low
CUST01952,Low
CUST01953,Low
CUST01954,Low
CUST01955,Low
CUST01956,Low
CUST01957,Low
CUST01958,Low
CUST01959,Low
CUST01960,Low
CUST01961,Low
CUST01962,Low
CUST01963,Low
CUST01964,Low
CUST01965,High
CUST01966,Low
CUST01967,Low
CUST01968,Low
CUST01969,Low
CUST01970,High
CUST01971,Low
CUST01972,Low
CUST01973,Low
CUST01974,Low
CUST01975,Low
CUST01976,Low
CUST01977,High
CUST01978,High
CUST01979,Low
CUST01980,Low
CUST01981,High
CUST01982,Low
CUST01983,Low
CUST01984,Low
CUST01985,Low
CUST01986,Medium
CUST01987,Low
CUST01988,Low
CUST01989,High
CUST01990,Low
CUST01991,High
CUST01992,Low
CUST01993,Low
CUST01994,Low
CUST01995,High
CUST01996,Low
CUST01997,Low
CUST01998,Low
CUST01999,Low
CUST02000,Low
CUST02001,Low
CUST02002,Low
CUST02003,Low
CUST02004,Low
CUST02005,Low
CUST02006,Low
CUST02007,Low
CUST02008,Low
CUST02009,Low
CUST02010,Medium
CUST02011,Low
CUST02012,Low
CUST02013,Low
CUST02014,Low
CUST02015,Low
CUST02016,Low
CUST02017,Low
CUST02018,Low
CUST02019,Low
CUST02020,Low
CUST02021,Low
CUST02022,Medium
CUST02023,Low
CUST02024,Low
CUST02025,Low
CUST02026,Low
CUST02027,Low
CUST02028,High
CUST02029,Low
CUST02030,Low
CUST02031,Low
CUST02032,Low
CUST02033,Low
CUST02034,Low
CUST02035,Low
CUST02036,Medium
CUST02037,Medium
CUST02038,Low
CUST02039,Low
CUST02040,Low
CUST02041,Low
CUST02042,Medium
CUST02043,Medium
CUST02044,Low
CUST02045,Low
CUST02046,Low
CUST02047,Low
CUST02048,Low
CUST02049,Low
CUST02050,Low
CUST02051,Low
CUST02052,Low
CUST02053,Low
CUST02054,Low
CUST02055,Low
CUST02056,Low
CUST02057,Low
CUST02058,High
CUST02059,Low
CUST02060,High
CUST02061,Low
CUST02062,Low
CUST02063,Low
CUST02064,Low
CUST02065,Low
CUST02066,Low
CUST02067,Low
CUST02068,Low
CUST02069,Medium
CUST02070,High
CUST02071,Low
CUST02072,Low
CUST02073,Low
CUST02074,Low
CUST02075,Low
CUST02076,Low
CUST02077,Low
CUST02078,Low
CUST02079,Low
CUST02080,Low
CUST02081,Low
CUST02082,Low
CUST02083,Low
CUST02084,Low
CUST02085,High
CUST02086,Low
CUST02087,Low
CUST02088,Low
CUST02089,Low
CUST02090,Low
CUST02091,Low
CUST02092,Low
CUST02093,Low
CUST02094,Low
CUST02095,Low
CUST02096,Low
CUST02097,Low
CUST02098,Low
CUST02099,High
CUST02100,Medium
CUST02101,Medium
CUST02102,Low
CUST02103,Low
CUST02104,Low
CUST02105,Low
CUST02106,Low
CUST02107,High
CUST02108,Low
CUST02109,Low
CUST02110,Low
CUST02111,Low
CUST02112,Low
CUST02113,Low
CUST02114,Low
CUST02115,Low
CUST02116,Low
CUST02117,Low
CUST02118,Low
CUST02119,Low
CUST02120,Low
CUST02121,Low
CUST02122,Low
CUST02123,Low
CUST02124,Low
CUST02125,Low
CUST02126,Low
CUST02127,Low
CUST02128,Low
CUST02129,Low
CUST02130,Low
CUST02131,Low
CUST02132,Low
CUST02133,Low
CUST02134,Low
CUST02135,Low
CUST02136,Low
CUST02137,Low
CUST02138,High
CUST02139,Low
CUST02140,Low
CUST02141,Low
CUST02142,Low
CUST02143,Medium
CUST02144,Low
CUST02145,Low
CUST02146,Low
CUST02147,Low
CUST02148,Low
CUST02149,Low
CUST02150,Low
CUST02151,Low
CUST02152,Low
CUST02153,Low
CUST02154,Low
CUST02155,Low
CUST02156,Low
CUST02157,Low
CUST02158,Low
CUST02159,Low
CUST02160,Low
CUST02161,Low
CUST02162,Low
CUST02163,Low
CUST02164,Low
CUST02165,Low
CUST02166,Low
CUST02167,Low
CUST02168,Low
CUST02169,Low
CUST02170,Low
CUST02171,Low
CUST02172,Low
CUST02173,Low
CUST02174,Low
CUST02175,Low
CUST02176,Low
CUST02177,Low
CUST02178,Low
CUST02179,Low
CUST02180,Low
CUST02181,Low
CUST02182,Low
CUST02183,Low
CUST02184,Low
CUST02185,Low
CUST02186,Low
CUST02187,Low
CUST02188,Low
CUST02189,Medium
CUST02190,Low
CUST02191,Low
CUST02192,Low
CUST02193,Low
CUST02194,Low
CUST02195,Low
CUST02196,Low
CUST02197,Low
CUST02198,Low
CUST02199,Low
CUST02200,Low
CUST02201,High
CUST02202,Low
CUST02203,Low
CUST02204,Low
CUST02205,Low
CUST02206,Low
CUST02207,Low
CUST02208,Low
CUST02209,Low
CUST02210,Low
CUST02211,Low
CUST02212,Low
CUST02213,Medium
CUST02214,Low
CUST02215,Low
CUST02216,Low
CUST02217,Low
CUST02218,Low
CUST02219,Medium
CUST02220,Low
CUST02221,Low
CUST02222,Low
CUST02223,Low
CUST02224,Low
CUST02225,Low
CUST02226,Low
CUST02227,Low
CUST02228,Low
CUST02229,Low
CUST02230,Low
CUST02231,Low
CUST02232,Low
CUST02233,Medium
CUST02234,Low
CUST02235,Low
CUST02236,Low
CUST02237,Low
CUST02238,Low
CUST02239,Low
CUST02240,Medium
CUST02241,Medium
CUST02242,Low
CUST02243,Low
CUST02244,Low
CUST02245,Low
CUST02246,Low
CUST02247,High
CUST02248,Low
CUST02249,Low
CUST02250,Low
CUST02251,Low
CUST02252,Low
CUST02253,Low
CUST02254,Low
CUST02255,Low
CUST02256,Low
CUST02257,Low
CUST02258,Low
CUST02259,Low
CUST02260,Low
CUST02261,Low
CUST02262,Low
CUST02263,Low
CUST02264,Low
CUST02265,Low
CUST02266,Low
CUST02267,Low
CUST02268,Low
CUST02269,Low
CUST02270,Low
CUST02271,Low
CUST02272,Low
CUST02273,Low
CUST02274,Low
CUST02275,Low
CUST02276,Low
CUST02277,Low
CUST02278,Low
CUST02279,Low
CUST02280,High
CUST02281,Low
CUST02282,Low
CUST02283,Low
CUST02284,Low
CUST02285,Low
CUST02286,Low
CUST02287,Low
CUST02288,Low
CUST02289,Low
CUST02290,Low
CUST02291,Low
CUST02292,Low
CUST02293,Low
CUST02294,Low
CUST02295,Low
CUST02296,Medium
CUST02297,Low
CUST02298,Low
CUST02299,Low
CUST02300,Low
CUST02301,Medium
CUST02302,Low
CUST02303,Low
CUST02304,Low
CUST02305,Medium
CUST02306,Low
CUST02307,Low
CUST02308,Low
CUST02309,Low
CUST02310,Low
CUST02311,Low
CUST02312,Low
CUST02313,Low
CUST02314,Low
CUST02315,Low
CUST02316,Low
CUST02317,Low
CUST02318,Low
CUST02319,Low
CUST02320,High
CUST02321,Low
CUST02322,Medium
CUST02323,Low
CUST02324,Low
CUST02325,Low
CUST02326,Low
CUST02327,Low
CUST02328,Low
CUST02329,Low
CUST02330,Low
CUST02331,Low
CUST02332,Low
CUST02333,Low
CUST02334,Low
CUST02335,Medium
CUST02336,Low
CUST02337,Low
CUST02338,Low
CUST02339,Low
CUST02340,Low
CUST02341,Low
CUST02342,Low
CUST02343,Low
CUST02344,Low
CUST02345,Low
CUST02346,Low
CUST02347,Low
CUST02348,Medium
CUST02349,Low
CUST02350,Low
CUST02351,Low
CUST02352,High
CUST02353,Low
CUST02354,Low
CUST02355,Low
CUST02356,Low
CUST02357,Low
CUST02358,Low
CUST02359,Low
CUST02360,Low
CUST02361,Low
CUST02362,Low
CUST02363,Low
CUST02364,Low
CUST02365,Low
CUST02366,Low
CUST02367,Medium
CUST02368,Low
CUST02369,Low
CUST02370,Low
CUST02371,Low
CUST02372,Low
CUST02373,Low
CUST02374,Low
CUST02375,Low
CUST02376,Low
CUST02377,Low
CUST02378,Low
CUST02379,Medium
CUST02380,Low
CUST02381,Medium
CUST02382,Low
CUST02383,Low
CUST02384,High
CUST02385,Low
CUST02386,Low
CUST02387,High
CUST02388,Low
CUST02389,Low
CUST02390,Low
CUST02391,Low
CUST02392,Low
CUST02393,Low
CUST02394,Low
CUST02395,Low
CUST02396,Low
CUST02397,Medium
CUST02398,Low
CUST02399,Low
CUST02400,Low
CUST02401,Low
CUST02402,Low
CUST02403,Medium
CUST02404,High
CUST02405,Low
CUST02406,Low
CUST02407,Low
CUST02408,Low
CUST02409,Low
CUST02410,Low
CUST02411,Low
CUST02412,Low
CUST02413,Low
CUST02414,Low
CUST02415,Low
CUST02416,Low
CUST02417,Low
CUST02418,Low
CUST02419,Low
CUST02420,Low
CUST02421,Low
CUST02422,Low
CUST02423,Low
CUST02424,Low
CUST02425,Low
CUST02426,Low
CUST02427,Low
CUST02428,Low
CUST02429,Low
CUST02430,Low
CUST02431,Low
CUST02432,Low
CUST02433,Low
CUST02434,Low
CUST02435,Low
CUST02436,High
CUST02437,Low
CUST02438,Low
CUST02439,Low
CUST02440,Low
CUST02441,Low
CUST02442,Low
CUST02443,Low
CUST02444,Low
CUST02445,Low
CUST02446,Low
CUST02447,Low
CUST02448,Medium
CUST02449,Low
CUST02450,Low
CUST02451,High
CUST02452,Low
CUST02453,Low
CUST02454,Low
CUST02455,Low
CUST02456,Low
CUST02457,Low
CUST02458,Low
CUST02459,Low
CUST02460,Low
CUST02461,Low
CUST02462,Low
CUST02463,Low
CUST02464,Low
CUST02465,Low
CUST02466,Low
CUST02467,Low
CUST02468,Low
CUST02469,High
CUST02470,Low
CUST02471,Low
CUST02472,Low
CUST02473,Low
CUST02474,Low
CUST02475,Medium
CUST02476,Low
CUST02477,Low
CUST02478,Low
CUST02479,Low
CUST02480,Low
CUST02481,Low
CUST02482,Low
CUST02483,High
CUST02484,Low
CUST02485,Low
CUST02486,Low
CUST02487,Low
CUST02488,Low
CUST02489,Low
CUST02490,Low
CUST02491,Low
CUST02492,Low
CUST02493,Medium
CUST02494,Low
CUST02495,Low
CUST02496,Low
CUST02497,Low
CUST02498,Low
CUST02499,Low
CUST02500,Low
CUST02501,Low
CUST02502,Low
CUST02503,Low
CUST02504,Low
CUST02505,Low
CUST02506,Low
CUST02507,Low
CUST02508,Low
CUST02509,Low
CUST02510,Low
CUST02511,Low
CUST02512,Low
CUST02513,Low
CUST02514,Low
CUST02515,Low
CUST02516,Low
CUST02517,Low
CUST02518,Low
CUST02519,Low
CUST02520,Medium
CUST02521,Low
CUST02522,Low
CUST02523,Low
CUST02524,Low
CUST02525,Low
CUST02526,Low
CUST02527,Low
CUST02528,Low
CUST02529,Low
CUST02530,Low
CUST02531,Medium
CUST02532,Low
CUST02533,Low
CUST02534,Low
CUST02535,Medium
CUST02536,Low
CUST02537,Low
CUST02538,Low
CUST02539,Medium
CUST02540,Low
CUST02541,Low
CUST02542,Low
CUST02543,High
CUST02544,High
CUST02545,Low
CUST02546,Medium
CUST02547,Low
CUST02548,Low
CUST02549,Low
CUST02550,Low
CUST02551,Low
CUST02552,Low
CUST02553,Low
CUST02554,Low
CUST02555,Low
CUST02556,Low
CUST02557,Low
CUST02558,Low
CUST02559,Low
CUST02560,Low
CUST02561,Medium
CUST02562,Low
CUST02563,Low
CUST02564,Low
CUST02565,Low
CUST02566,Low
CUST02567,Low
CUST02568,Low
CUST02569,Low
CUST02570,Low
CUST02571,Low
CUST02572,Low
CUST02573,Low
CUST02574,Low
CUST02575,Low
CUST02576,Low
CUST02577,Low
CUST02578,High
CUST02579,Low
CUST02580,Low
CUST02581,Low
CUST02582,Low
CUST02583,Low
CUST02584,Low
CUST02585,Low
CUST02586,Low
CUST02587,Low
CUST02588,Low
CUST02589,Low
CUST02590,Low
CUST02591,Low
CUST02592,Medium
CUST02593,Low
CUST02594,Low
CUST02595,Low
CUST02596,Low
CUST02597,Low
CUST02598,Low
CUST02599,Low
CUST02600,Low
CUST02601,Low
CUST02602,Low
CUST02603,Low
CUST02604,Medium
CUST02605,Low
CUST02606,Low
CUST02607,Low
CUST02608,Low
CUST02609,Low
CUST02610,Low
CUST02611,Low
CUST02612,Low
CUST02613,Medium
CUST02614,Low
CUST02615,Low
CUST02616,Low
CUST02617,Low
CUST02618,Low
CUST02619,Low
CUST02620,Low
CUST02621,Low
CUST02622,High
CUST02623,Low
CUST02624,Low
CUST02625,Low
CUST02626,Low
CUST02627,Low
CUST02628,Low
CUST02629,Low
CUST02630,Low
CUST02631,Low
CUST02632,Low
CUST02633,Low
CUST02634,Low
CUST02635,Low
CUST02636,Low
CUST02637,Low
CUST02638,Medium
CUST02639,Low
CUST02640,Low
CUST02641,Low
CUST02642,Low
CUST02643,Low
CUST02644,Low
CUST02645,Low
CUST02646,Low
CUST02647,Medium
CUST02648,Low
CUST02649,Low
CUST02650,Low
CUST02651,Low
CUST02652,Low
CUST02653,Low
CUST02654,Medium
CUST02655,Low
CUST02656,Low
CUST02657,Medium
CUST02658,Low
CUST02659,Low
CUST02660,Low
CUST02661,Low
CUST02662,Low
CUST02663,Low
CUST02664,Low
CUST02665,Low
CUST02666,Low
CUST02667,Low
CUST02668,Low
CUST02669,Low
CUST02670,Low
CUST02671,Low
CUST02672,Low
CUST02673,Low
CUST02674,Low
CUST02675,Low
CUST02676,Low
CUST02677,Low
CUST02678,High
CUST02679,Low
CUST02680,Low
CUST02681,Medium
CUST02682,Low
CUST02683,Low
CUST02684,Low
CUST02685,Low
CUST02686,Low
CUST02687,Low
CUST02688,Low
CUST02689,Low
CUST02690,Low
CUST02691,Low
CUST02692,Low
CUST02693,Low
CUST02694,Low
CUST02695,Low
CUST02696,Low
CUST02697,Low
CUST02698,Medium
CUST02699,Low
CUST02700,Low
CUST02701,Low
CUST02702,Low
CUST02703,Medium
CUST02704,Low
CUST02705,Low
CUST02706,Low
CUST02707,Low
CUST02708,Low
CUST02709,Low
CUST02710,Low
CUST02711,High
CUST02712,Low
CUST02713,Low
CUST02714,Low
CUST02715,Low
CUST02716,Low
CUST02717,Low
CUST02718,Low
CUST02719,Low
CUST02720,Low
CUST02721,Low
CUST02722,Low
CUST02723,Low
CUST02724,Low
CUST02725,Low
CUST02726,Low
CUST02727,Low
CUST02728,Low
CUST02729,Medium
CUST02730,Medium
CUST02731,Low
CUST02732,Medium
CUST02733,Low
CUST02734,Low
CUST02735,Low
CUST02736,Low
CUST02737,Low
CUST02738,Low
CUST02739,Low
CUST02740,Low
CUST02741,Low
CUST02742,High
CUST02743,Low
CUST02744,Low
CUST02745,Low
CUST02746,Low
CUST02747,Low
CUST02748,Low
CUST02749,Low
CUST02750,Low
CUST02751,Low
CUST02752,Low
CUST02753,Low
CUST02754,Low
CUST02755,Low
CUST02756,Low
CUST02757,Low
CUST02758,Low
CUST02759,Low
CUST02760,Low
CUST02761,Low
CUST02762,Low
CUST02763,Low
CUST02764,Low
CUST02765,Medium
CUST02766,Low
CUST02767,Low
CUST02768,Low
CUST02769,Low
CUST02770,Low
CUST02771,Low
CUST02772,Low
CUST02773,Low
CUST02774,Low
CUST02775,Low
CUST02776,Low
CUST02777,Low
CUST02778,Low
CUST02779,Low
CUST02780,Medium
CUST02781,Low
CUST02782,Low
CUST02783,Low
CUST02784,Low
CUST02785,Medium
CUST02786,Low
CUST02787,Low
CUST02788,Low
CUST02789,Medium
CUST02790,Low
CUST02791,Medium
CUST02792,High
CUST02793,Low
CUST02794,Low
CUST02795,Low
CUST02796,Low
CUST02797,Low
CUST02798,Low
CUST02799,Low
CUST02800,Low
CUST02801,Medium
CUST02802,Medium
CUST02803,Low
CUST02804,Low
CUST02805,Low
CUST02806,Low
CUST02807,Low
CUST02808,Low
CUST02809,Low
CUST02810,Low
CUST02811,Low
CUST02812,Low
CUST02813,Low
CUST02814,Low
CUST02815,Low
CUST02816,Low
CUST02817,Low
CUST02818,Low
CUST02819,Low
CUST02820,Low
CUST02821,Low
CUST02822,Low
CUST02823,Low
CUST02824,Low
CUST02825,Low
CUST02826,Low
CUST02827,Low
CUST02828,Low
CUST02829,Low
CUST02830,Medium
CUST02831,Low
CUST02832,Medium
CUST02833,Low
CUST02834,Low
CUST02835,Low
CUST02836,Low
CUST02837,Low
CUST02838,Low
CUST02839,Medium
CUST02840,Low
CUST02841,Low
CUST02842,Low
CUST02843,Medium
CUST02844,Low
CUST02845,Low
CUST02846,Low
CUST02847,Low
CUST02848,Low
CUST02849,Low
CUST02850,Low
CUST02851,Low
CUST02852,Low
CUST02853,Low
CUST02854,Low
CUST02855,Medium
CUST02856,Low
CUST02857,Low
CUST02858,Low
CUST02859,Low
CUST02860,Low
CUST02861,Low
CUST02862,Low
CUST02863,Low
CUST02864,Low
CUST02865,Low
CUST02866,Low
CUST02867,Low
CUST02868,Low
CUST02869,Low
CUST02870,Low
CUST02871,Low
CUST02872,Low
CUST02873,Low
CUST02874,Low
CUST02875,Low
CUST02876,Low
CUST02877,Low
CUST02878,Low
CUST02879,Low
CUST02880,Low
CUST02881,High
CUST02882,Low
CUST02883,Low
CUST02884,Low
CUST02885,Low
CUST02886,Low
CUST02887,Low
CUST02888,Low
CUST02889,Low
CUST02890,Medium
CUST02891,Low
CUST02892,Low
CUST02893,Low
CUST02894,Low
CUST02895,Low
CUST02896,Low
CUST02897,Low
CUST02898,Low
CUST02899,Medium
CUST02900,Low
CUST02901,Low
CUST02902,Low
CUST02903,Low
CUST02904,Low
CUST02905,Low
CUST02906,Low
CUST02907,Low
CUST02908,Low
CUST02909,Medium
CUST02910,Low
CUST02911,Low
CUST02912,Low
CUST02913,Low
CUST02914,Low
CUST02915,Low
CUST02916,Low
CUST02917,Low
CUST02918,Low
CUST02919,Low
CUST02920,Low
CUST02921,Low
CUST02922,Low
CUST02923,Low
CUST02924,Low
CUST02925,Low
CUST02926,Low
CUST02927,Low
CUST02928,Low
CUST02929,High
CUST02930,Low
CUST02931,Low
CUST02932,Low
CUST02933,Low
CUST02934,Low
CUST02935,Low
CUST02936,Low
CUST02937,Low
CUST02938,Low
CUST02939,Low
CUST02940,Low
CUST02941,Low
CUST02942,Low
CUST02943,Low
CUST02944,Low
CUST02945,Low
CUST02946,Low
CUST02947,Low
CUST02948,Low
CUST02949,Low
CUST02950,Low
CUST02951,Medium
CUST02952,Low
CUST02953,Low
CUST02954,Low
CUST02955,Low
CUST02956,Low
CUST02957,Low
CUST02958,Low
CUST02959,Low
CUST02960,Low
CUST02961,Medium
CUST02962,Low
CUST02963,Low
CUST02964,Low
CUST02965,Low
CUST02966,Low
CUST02967,Low
CUST02968,Low
CUST02969,Low
CUST02970,Low
CUST02971,Low
CUST02972,Low
CUST02973,Low
CUST02974,Low
CUST02975,Low
CUST02976,Low
CUST02977,Low
CUST02978,Low
CUST02979,Low
CUST02980,Low
CUST02981,Low
CUST02982,Low
CUST02983,Low
CUST02984,Low
CUST02985,Low
CUST02986,Low
CUST02987,Medium
CUST02988,Low
CUST02989,Low
CUST02990,Low
CUST02991,Low
CUST02992,Low
CUST02993,Low
CUST02994,Low
CUST02995,Low
CUST02996,High
CUST02997,Low
CUST02998,Low
CUST02999,Low
CUST03000,Low
CUST03001,Low
CUST03002,Low
CUST03003,Low
CUST03004,Low
CUST03005,Low
CUST03006,Low
CUST03007,Medium
CUST03008,Low
CUST03009,Low
CUST03010,Low
CUST03011,Low
CUST03012,Low
CUST03013,Medium
CUST03014,Low
CUST03015,Low
CUST03016,Low
CUST03017,Medium
CUST03018,Low
CUST03019,Low
CUST03020,Low
CUST03021,Low
CUST03022,Low
CUST03023,Low
CUST03024,Low
CUST03025,Low
CUST03026,Low
CUST03027,Low
CUST03028,Low
CUST03029,Low
CUST03030,Low
CUST03031,Low
CUST03032,Low
CUST03033,Low
CUST03034,Low
CUST03035,Low
CUST03036,Low
CUST03037,Low
CUST03038,Low
CUST03039,Low
CUST03040,High
CUST03041,Low
CUST03042,Low
CUST03043,Low
CUST03044,Low
CUST03045,Low
CUST03046,Medium
CUST03047,Low
CUST03048,Low
CUST03049,High
CUST03050,Low
CUST03051,Low
CUST03052,Low
CUST03053,Medium
CUST03054,Low
CUST03055,Low
CUST03056,Low
CUST03057,Low
CUST03058,Low
CUST03059,Low
CUST03060,Low
CUST03061,Low
CUST03062,Low
CUST03063,Low
CUST03064,Low
CUST03065,Low
CUST03066,Low
CUST03067,Low
CUST03068,Low
CUST03069,Medium
CUST03070,Low
CUST03071,Low
CUST03072,Low
CUST03073,Low
CUST03074,Low
CUST03075,Low
CUST03076,Low
CUST03077,Low
CUST03078,Low
CUST03079,Low
CUST03080,Low
CUST03081,Low
CUST03082,Low
CUST03083,High
CUST03084,Low
CUST03085,Low
CUST03086,Low
CUST03087,Low
CUST03088,Low
CUST03089,Low
CUST03090,Low
CUST03091,Low
CUST03092,Low
CUST03093,Low
CUST03094,Low
CUST03095,Low
CUST03096,Medium
CUST03097,Medium
CUST03098,Low
CUST03099,Low
CUST03100,Low
CUST03101,Low
CUST03102,Low
CUST03103,Low
CUST03104,Low
CUST03105,Medium
CUST03106,Low
CUST03107,Low
CUST03108,Low
CUST03109,Low
CUST03110,Low
CUST03111,Low
CUST03112,Low
CUST03113,Low
CUST03114,Low
CUST03115,Low
CUST03116,Low
CUST03117,Low
CUST03118,Low
CUST03119,Low
CUST03120,Low
CUST03121,Low
CUST03122,Low
CUST03123,Low
CUST03124,Low
CUST03125,Low
CUST03126,Low
CUST03127,Medium
CUST03128,Low
CUST03129,Low
CUST03130,Medium
CUST03131,Low
CUST03132,High
CUST03133,Low
CUST03134,Low
CUST03135,Medium
CUST03136,Low
CUST03137,Low
CUST03138,Low
CUST03139,Low
CUST03140,Low
CUST03141,Low
CUST03142,Low
CUST03143,Low
CUST03144,Low
CUST03145,Medium
CUST03146,Low
CUST03147,Low
CUST03148,Low
CUST03149,Low
CUST03150,Medium
CUST03151,Low
CUST03152,Low
CUST03153,Low
CUST03154,Low
CUST03155,Medium
CUST03156,Low
CUST03157,Low
CUST03158,Low
CUST03159,Low
CUST03160,Low
CUST03161,Low
CUST03162,Low
CUST03163,Low
CUST03164,Low
CUST03165,Low
CUST03166,Low
CUST03167,Low
CUST03168,Low
CUST03169,High
CUST03170,Low
CUST03171,Medium
CUST03172,Low
CUST03173,Low
CUST03174,Low
CUST03175,Low
CUST03176,Low
CUST03177,Low
CUST03178,Low
CUST03179,Medium
CUST03180,High
CUST03181,Low
CUST03182,Low
CUST03183,Medium
CUST03184,Low
CUST03185,Low
CUST03186,Medium
CUST03187,Low
CUST03188,Low
CUST03189,Low
CUST03190,Low
CUST03191,Medium
CUST03192,Low
CUST03193,Low
CUST03194,Low
CUST03195,Low
CUST03196,Low
CUST03197,Low
CUST03198,Low
CUST03199,Low
CUST03200,Medium
CUST03201,Low
CUST03202,Low
CUST03203,Low
CUST03204,Low
CUST03205,Low
CUST03206,Low
CUST03207,Low
CUST03208,Low
CUST03209,Low
CUST03210,Low
CUST03211,Low
CUST03212,Low
CUST03213,Low
CUST03214,Low
CUST03215,Low
CUST03216,Low
CUST03217,Low
CUST03218,Low
CUST03219,Low
CUST03220,Low
CUST03221,Low
CUST03222,Low
CUST03223,Low
CUST03224,Low
CUST03225,Low
CUST03226,Low
CUST03227,Low
CUST03228,Low
CUST03229,Low
CUST03230,Low
CUST03231,Low
CUST03232,Low
CUST03233,Low
CUST03234,Low
CUST03235,Low
CUST03236,Low
CUST03237,Low
CUST03238,Low
CUST03239,Medium
CUST03240,Low
CUST03241,Low
CUST03242,Low
CUST03243,Low
CUST03244,Low
CUST03245,Low
CUST03246,Low
CUST03247,Low
CUST03248,Medium
CUST03249,Low
CUST03250,Low
CUST03251,High
CUST03252,Low
CUST03253,Low
CUST03254,Low
CUST03255,Low
CUST03256,Low
CUST03257,Low
CUST03258,Low
CUST03259,Low
CUST03260,Low
CUST03261,Low
CUST03262,Low
CUST03263,Low
CUST03264,Low
CUST03265,Low
CUST03266,Low
CUST03267,Low
CUST03268,Low
CUST03269,Low
CUST03270,Low
CUST03271,Low
CUST03272,Low
CUST03273,Low
CUST03274,Low
CUST03275,Low
CUST03276,Low
CUST03277,Low
CUST03278,Low
CUST03279,Low
CUST03280,Medium
CUST03281,Low
CUST03282,Low
CUST03283,Low
CUST03284,Low
CUST03285,Medium
CUST03286,Low
CUST03287,Low
CUST03288,Low
CUST03289,Low
CUST03290,Low
CUST03291,Low
CUST03292,Low
CUST03293,Medium
CUST03294,Low
CUST03295,Low
CUST03296,Low
CUST03297,Low
CUST03298,Low
CUST03299,Medium
CUST03300,Medium
CUST03301,Low
CUST03302,High
CUST03303,Low
CUST03304,Low
CUST03305,Low
CUST03306,Low
CUST03307,Low
CUST03308,Low
CUST03309,Low
CUST03310,Low
CUST03311,Low
CUST03312,Low
CUST03313,Low
CUST03314,Low
CUST03315,Low
CUST03316,Low
CUST03317,Low
CUST03318,Low
CUST03319,Low
CUST03320,Low
CUST03321,Low
CUST03322,Low
CUST03323,Low
CUST03324,Low
CUST03325,Low
CUST03326,Low
CUST03327,Low
CUST03328,Low
CUST03329,Low
CUST03330,Low
CUST03331,Medium
CUST03332,Low
CUST03333,Medium
CUST03334,Low
CUST03335,Low
CUST03336,Low
CUST03337,Low
CUST03338,Low
CUST03339,Medium
CUST03340,Low
CUST03341,Low
CUST03342,Low
CUST03343,Low
CUST03344,Low
CUST03345,Low
CUST03346,Low
CUST03347,High
CUST03348,Low
CUST03349,Low
CUST03350,Low
CUST03351,Low
CUST03352,Low
CUST03353,Low
CUST03354,Low
CUST03355,Low
CUST03356,Low
CUST03357,Low
CUST03358,Low
CUST03359,Low
CUST03360,Low
CUST03361,Low
CUST03362,Low
CUST03363,High
CUST03364,Low
CUST03365,Low
CUST03366,Low
CUST03367,High
CUST03368,Low
CUST03369,Low
CUST03370,Low
CUST03371,Low
CUST03372,Low
CUST03373,Low
CUST03374,Low
CUST03375,Low
CUST03376,Medium
CUST03377,Low
CUST03378,Low
CUST03379,Low
CUST03380,High
CUST03381,Low
CUST03382,Low
CUST03383,Low
CUST03384,Low
CUST03385,Medium
CUST03386,Low
CUST03387,Low
CUST03388,Low
CUST03389,Low
CUST03390,Low
CUST03391,Low
CUST03392,Low
CUST03393,Low
CUST03394,Low
CUST03395,Low
CUST03396,Low
CUST03397,Low
CUST03398,Low
CUST03399,Low
CUST03400,Low
CUST03401,Medium
CUST03402,Low
CUST03403,Low
CUST03404,Low
CUST03405,Low
CUST03406,Low
CUST03407,Low
CUST03408,Low
CUST03409,Low
CUST03410,Low
CUST03411,Low
CUST03412,Low
CUST03413,Low
CUST03414,Low
CUST03415,Low
CUST03416,Low
CUST03417,Low
CUST03418,Low
CUST03419,Low
CUST03420,High
CUST03421,Low
CUST03422,Low
CUST03423,Low
CUST03424,Low
CUST03425,Low
CUST03426,Low
CUST03427,Low
CUST03428,Low
CUST03429,Low
CUST03430,Low
CUST03431,Low
CUST03432,Low
CUST03433,Medium
CUST03434,Low
CUST03435,Low
CUST03436,Low
CUST03437,Low
CUST03438,Low
CUST03439,Medium
CUST03440,Low
CUST03441,Low
CUST03442,Low
CUST03443,Low
CUST03444,Low
CUST03445,Low
CUST03446,Low
CUST03447,Low
CUST03448,Low
CUST03449,Low
CUST03450,Low
CUST03451,Low
CUST03452,Low
CUST03453,Low
CUST03454,Low
CUST03455,Low
CUST03456,Low
CUST03457,Low
CUST03458,Low
CUST03459,Low
CUST03460,Low
CUST03461,Low
CUST03462,High
CUST03463,Low
CUST03464,High
CUST03465,Low
CUST03466,Low
CUST03467,Low
CUST03468,Low
CUST03469,Low
CUST03470,Low
CUST03471,Low
CUST03472,Low
CUST03473,Low
CUST03474,Low
CUST03475,Low
CUST03476,Low
CUST03477,Low
CUST03478,Low
CUST03479,Low
CUST03480,Low
CUST03481,Low
CUST03482,Low
CUST03483,High
CUST03484,Low
CUST03485,Low
CUST03486,Low
CUST03487,Low
CUST03488,Low
CUST03489,Low
CUST03490,Low
CUST03491,Low
CUST03492,Low
CUST03493,Low
CUST03494,Low
CUST03495,Low
CUST03496,Low
CUST03497,Low
CUST03498,Low
CUST03499,Low
CUST03500,Low
CUST03501,Low
CUST03502,Low
CUST03503,Low
CUST03504,Low
CUST03505,Low
CUST03506,Low
CUST03507,Medium
CUST03508,Low
CUST03509,Low
CUST03510,Low
CUST03511,Low
CUST03512,Low
CUST03513,Low
CUST03514,Low
CUST03515,Medium
CUST03516,Medium
CUST03517,Low
CUST03518,Low
CUST03519,Medium
CUST03520,Low
CUST03521,Low
CUST03522,Low
CUST03523,Medium
CUST03524,Low
CUST03525,Low
CUST03526,Low
CUST03527,Low
CUST03528,Low
CUST03529,Medium
CUST03530,Low
CUST03531,Low
CUST03532,Low
CUST03533,Low
CUST03534,Low
CUST03535,Low
CUST03536,Low
CUST03537,Low
CUST03538,High
CUST03539,Low
CUST03540,Low
CUST03541,High
CUST03542,Low
CUST03543,Low
CUST03544,Medium
CUST03545,Low
CUST03546,Low
CUST03547,Low
CUST03548,Low
CUST03549,Low
CUST03550,Low
CUST03551,Low
CUST03552,Low
CUST03553,Low
CUST03554,Low
CUST03555,Low
CUST03556,High
CUST03557,Low
CUST03558,Low
CUST03559,Medium
CUST03560,Low
CUST03561,Low
CUST03562,Low
CUST03563,Low
CUST03564,Low
CUST03565,Low
CUST03566,Low
CUST03567,Low
CUST03568,Low
CUST03569,Low
CUST03570,Low
CUST03571,Low
CUST03572,Low
CUST03573,Low
CUST03574,Low
CUST03575,Medium
CUST03576,Low
CUST03577,Low
CUST03578,Low
CUST03579,Medium
CUST03580,Low
CUST03581,Low
CUST03582,Low
CUST03583,Low
CUST03584,Low
CUST03585,Low
CUST03586,Low
CUST03587,Low
CUST03588,Low
CUST03589,Medium
CUST03590,Low
CUST03591,Low
CUST03592,Medium
CUST03593,Low
CUST03594,Low
CUST03595,Low
CUST03596,Low
CUST03597,Low
CUST03598,Low
CUST03599,Low
CUST03600,Low
CUST03601,Low
CUST03602,Low
CUST03603,Low
CUST03604,Low
CUST03605,Low
CUST03606,High
CUST03607,Low
CUST03608,Low
CUST03609,Low
CUST03610,Low
CUST03611,Low
CUST03612,Low
CUST03613,Low
CUST03614,Low
CUST03615,Low
CUST03616,Low
CUST03617,Low
CUST03618,Low
CUST03619,Low
CUST03620,High
CUST03621,Low
CUST03622,Low
CUST03623,Medium
CUST03624,Low
CUST03625,Low
CUST03626,Low
CUST03627,Low
CUST03628,Low
CUST03629,Low
CUST03630,Low
CUST03631,Low
CUST03632,Low
CUST03633,Low
CUST03634,Low
CUST03635,Low
CUST03636,Low
CUST03637,Medium
CUST03638,Low
CUST03639,Low
CUST03640,Low
CUST03641,Medium
CUST03642,Low
CUST03643,Medium
CUST03644,Medium
CUST03645,Low
CUST03646,Low
CUST03647,Medium
CUST03648,Low
CUST03649,Low
CUST03650,Low
CUST03651,Low
CUST03652,Low
CUST03653,Low
CUST03654,Low
CUST03655,Low
CUST03656,Low
CUST03657,Low
CUST03658,Low
CUST03659,Low
CUST03660,Low
CUST03661,Low
CUST03662,Low
CUST03663,Low
CUST03664,Low
CUST03665,Low
CUST03666,Low
CUST03667,Low
CUST03668,Low
CUST03669,Low
CUST03670,Medium
CUST03671,Low
CUST03672,Low
CUST03673,Low
CUST03674,Low
CUST03675,Low
CUST03676,Low
CUST03677,Low
CUST03678,Low
CUST03679,Low
CUST03680,Low
CUST03681,Low
CUST03682,Low
CUST03683,Low
CUST03684,Low
CUST03685,Low
CUST03686,Low
CUST03687,Low
CUST03688,Medium
CUST03689,Low
CUST03690,Low
CUST03691,Low
CUST03692,Low
CUST03693,Low
CUST03694,Low
CUST03695,High
CUST03696,Low
CUST03697,Low
CUST03698,Low
CUST03699,Low
CUST03700,Low
CUST03701,Low
CUST03702,Medium
CUST03703,Low
CUST03704,Low
CUST03705,Low
CUST03706,Low
CUST03707,Low
CUST03708,Low
CUST03709,Low
CUST03710,Low
CUST03711,Low
CUST03712,Low
CUST03713,Low
CUST03714,Low
CUST03715,Low
CUST03716,Low
CUST03717,Low
CUST03718,Low
CUST03719,Medium
CUST03720,Low
CUST03721,Low
CUST03722,Low
CUST03723,Low
CUST03724,Low
CUST03725,Medium
CUST03726,Low
CUST03727,Low
CUST03728,Low
CUST03729,Low
CUST03730,Low
CUST03731,Low
CUST03732,Low
CUST03733,Medium
CUST03734,Low
CUST03735,Low
CUST03736,Low
CUST03737,Low
CUST03738,Low
CUST03739,Low
CUST03740,Low
CUST03741,Low
CUST03742,Low
CUST03743,Low
CUST03744,Medium
CUST03745,Low
CUST03746,Medium
CUST03747,Low
CUST03748,Low
CUST03749,Low
CUST03750,Low
CUST03751,Low
CUST03752,Low
CUST03753,Low
CUST03754,Low
CUST03755,Low
CUST03756,Low
CUST03757,Medium
CUST03758,Low
CUST03759,Low
CUST03760,Low
CUST03761,Low
CUST03762,Low
CUST03763,Medium
CUST03764,Low
CUST03765,Low
CUST03766,Low
CUST03767,Low
CUST03768,Low
CUST03769,Low
CUST03770,Low
CUST03771,Low
CUST03772,Low
CUST03773,Low
CUST03774,Low
CUST03775,Low
CUST03776,High
CUST03777,Low
CUST03778,Medium
CUST03779,Low
CUST03780,Low
CUST03781,High
CUST03782,Low
CUST03783,Low
CUST03784,Low
CUST03785,Low
CUST03786,Low
CUST03787,Low
CUST03788,Low
CUST03789,Low
CUST03790,Low
CUST03791,Low
CUST03792,Medium
CUST03793,Low
CUST03794,Low
CUST03795,Low
CUST03796,Low
CUST03797,Low
CUST03798,Low
CUST03799,Low
CUST03800,Low
CUST03801,Low
CUST03802,Low
CUST03803,Low
CUST03804,Low
CUST03805,Low
CUST03806,Low
CUST03807,Low
CUST03808,Low
CUST03809,Low
CUST03810,Low
CUST03811,Low
CUST03812,Low
CUST03813,Low
CUST03814,Low
CUST03815,Low
CUST03816,Low
CUST03817,Low
CUST03818,Low
CUST03819,Low
CUST03820,Low
CUST03821,Low
CUST03822,Low
CUST03823,Low
CUST03824,Low
CUST03825,Low
CUST03826,Medium
CUST03827,Low
CUST03828,Low
CUST03829,Low
CUST03830,Low
CUST03831,Low
CUST03832,Low
CUST03833,Low
CUST03834,Low
CUST03835,Low
CUST03836,Low
CUST03837,Low
CUST03838,Low
CUST03839,Low
CUST03840,Low
CUST03841,Medium
CUST03842,High
CUST03843,Low
CUST03844,Low
CUST03845,Low
CUST03846,Low
CUST03847,Low
CUST03848,Low
CUST03849,Low
CUST03850,Low
CUST03851,Low
CUST03852,Low
CUST03853,Low
CUST03854,Low
CUST03855,Low
CUST03856,Low
CUST03857,Medium
CUST03858,Medium
CUST03859,Low
CUST03860,Low
CUST03861,Low
CUST03862,Low
CUST03863,Low
CUST03864,Low
CUST03865,Low
CUST03866,Low
CUST03867,Low
CUST03868,Low
CUST03869,Low
CUST03870,Low
CUST03871,Medium
CUST03872,Low
CUST03873,Low
CUST03874,Low
CUST03875,Low
CUST03876,Low
CUST03877,Low
CUST03878,Low
CUST03879,Low
CUST03880,Low
CUST03881,Low
CUST03882,Low
CUST03883,Low
CUST03884,Low
CUST03885,Low
CUST03886,Low
CUST03887,Low
CUST03888,Low
CUST03889,Low
CUST03890,Low
CUST03891,Medium
CUST03892,Low
CUST03893,Low
CUST03894,Low
CUST03895,Low
CUST03896,Low
CUST03897,Low
CUST03898,Low
CUST03899,Low
CUST03900,Low
CUST03901,Low
CUST03902,Low
CUST03903,Low
CUST03904,Low
CUST03905,Low
CUST03906,Low
CUST03907,Low
CUST03908,Low
CUST03909,Low
CUST03910,Low
CUST03911,Low
CUST03912,Low
CUST03913,Low
CUST03914,Low
CUST03915,Low
CUST03916,Low
CUST03917,Low
CUST03918,Low
CUST03919,Low
CUST03920,Low
CUST03921,Low
CUST03922,Low
CUST03923,Low
CUST03924,Medium
CUST03925,Low
CUST03926,Low
CUST03927,Low
CUST03928,Low
CUST03929,Medium
CUST03930,Low
CUST03931,Low
CUST03932,Low
CUST03933,Low
CUST03934,Low
CUST03935,Low
CUST03936,Low
CUST03937,Low
CUST03938,Low
CUST03939,Medium
CUST03940,Low
CUST03941,Low
CUST03942,Low
CUST03943,Medium
CUST03944,Low
CUST03945,Low
CUST03946,High
CUST03947,Low
CUST03948,Low
CUST03949,Low
CUST03950,Medium
CUST03951,Low
CUST03952,High
CUST03953,Low
CUST03954,Medium
CUST03955,Low
CUST03956,Low
CUST03957,Low
CUST03958,Low
CUST03959,Low
CUST03960,Low
CUST03961,Low
CUST03962,Low
CUST03963,Low
CUST03964,Low
CUST03965,Low
CUST03966,Low
CUST03967,Low
CUST03968,Low
CUST03969,Low
CUST03970,Medium
CUST03971,Low
CUST03972,Low
CUST03973,Low
CUST03974,Low
CUST03975,Low
CUST03976,Low
CUST03977,High
CUST03978,High
CUST03979,Medium
CUST03980,Low
CUST03981,Low
CUST03982,Low
CUST03983,Low
CUST03984,Low
CUST03985,Low
CUST03986,Low
CUST03987,Low
CUST03988,Low
CUST03989,Low
CUST03990,Low
CUST03991,Low
CUST03992,Low
CUST03993,Low
CUST03994,Medium
CUST03995,Low
CUST03996,Low
CUST03997,Low
CUST03998,Medium
CUST03999,Low
CUST04000,Low
CUST04001,Medium
CUST04002,Low
CUST04003,Low
CUST04004,Low
CUST04005,Low
CUST04006,Low
CUST04007,Low
CUST04008,Low
CUST04009,Low
CUST04010,Low
CUST04011,Low
CUST04012,Low
CUST04013,Low
CUST04014,Low
CUST04015,Low
CUST04016,Low
CUST04017,Low
CUST04018,Low
CUST04019,Low
CUST04020,Low
CUST04021,Low
CUST04022,Low
CUST04023,Low
CUST04024,Low
CUST04025,Low
CUST04026,Low
CUST04027,Low
CUST04028,Low
CUST04029,Low
CUST04030,Medium
CUST04031,Low
CUST04032,Low
CUST04033,Low
CUST04034,Low
CUST04035,Low
CUST04036,Low
CUST04037,Low
CUST04038,Low
CUST04039,Medium
CUST04040,Low
CUST04041,Low
CUST04042,High
CUST04043,Low
CUST04044,Low
CUST04045,Low
CUST04046,Low
CUST04047,Low
CUST04048,Medium
CUST04049,Low
CUST04050,Low
CUST04051,Low
CUST04052,Low
CUST04053,Low
CUST04054,Low
CUST04055,Low
CUST04056,Low
CUST04057,Low
CUST04058,Low
CUST04059,Low
CUST04060,Low
CUST04061,High
CUST04062,Low
CUST04063,Low
CUST04064,Low
CUST04065,Low
CUST04066,Low
CUST04067,Low
CUST04068,Low
CUST04069,Low
CUST04070,Low
CUST04071,High
CUST04072,Low
CUST04073,Low
CUST04074,Medium
CUST04075,Low
CUST04076,Low
CUST04077,Low
CUST04078,Low
CUST04079,Low
CUST04080,Low
CUST04081,Low
CUST04082,Low
CUST04083,Low
CUST04084,Low
CUST04085,Low
CUST04086,Low
CUST04087,Medium
CUST04088,Low
CUST04089,Low
CUST04090,Low
CUST04091,Low
CUST04092,Low
CUST04093,Low
CUST04094,Low
CUST04095,Low
CUST04096,Low
CUST04097,Low
CUST04098,Low
CUST04099,Low
CUST04100,Medium
CUST04101,Low
CUST04102,Low
CUST04103,Low
CUST04104,Low
CUST04105,Low
CUST04106,Low
CUST04107,Medium
CUST04108,Low
CUST04109,Low
CUST04110,Low
CUST04111,Low
CUST04112,Low
CUST04113,Low
CUST04114,Low
CUST04115,Low
CUST04116,Low
CUST04117,Low
CUST04118,Low
CUST04119,Low
CUST04120,Medium
CUST04121,Low
CUST04122,Low
CUST04123,Low
CUST04124,Low
CUST04125,Low
CUST04126,Low
CUST04127,Low
CUST04128,Low
CUST04129,Low
CUST04130,Low
CUST04131,Low
CUST04132,Low
CUST04133,Low
CUST04134,Low
CUST04135,Low
CUST04136,Low
CUST04137,Low
CUST04138,High
CUST04139,Low
CUST04140,Low
CUST04141,Low
CUST04142,Low
CUST04143,Low
CUST04144,Low
CUST04145,Low
CUST04146,Low
CUST04147,Low
CUST04148,Low
CUST04149,Low
CUST04150,High
CUST04151,Low
CUST04152,Low
CUST04153,Low
CUST04154,Low
CUST04155,Low
CUST04156,Low
CUST04157,Low
CUST04158,Low
CUST04159,Low
CUST04160,Low
CUST04161,Low
CUST04162,High
CUST04163,Low
CUST04164,Low
CUST04165,Low
CUST04166,Low
CUST04167,Low
CUST04168,Low
CUST04169,Low
CUST04170,Low
CUST04171,Low
CUST04172,Low
CUST04173,Low
CUST04174,Low
CUST04175,Low
CUST04176,Low
CUST04177,Low
CUST04178,Low
CUST04179,Low
CUST04180,Low
CUST04181,High
CUST04182,Low
CUST04183,Low
CUST04184,Low
CUST04185,Low
CUST04186,Low
CUST04187,Low
CUST04188,Low
CUST04189,Low
CUST04190,Low
CUST04191,Low
CUST04192,Low
CUST04193,Low
CUST04194,Low
CUST04195,Low
CUST04196,Low
CUST04197,Low
CUST04198,Low
CUST04199,Low
CUST04200,Low
CUST04201,Low
CUST04202,Low
CUST04203,Low
CUST04204,Low
CUST04205,Low
CUST04206,Medium
CUST04207,Low
CUST04208,Low
CUST04209,Low
CUST04210,Low
CUST04211,Low
CUST04212,Low
CUST04213,Low
CUST04214,Low
CUST04215,Low
CUST04216,Low
CUST04217,Low
CUST04218,Low
CUST04219,Low
CUST04220,Low
CUST04221,Low
CUST04222,Low
CUST04223,Low
CUST04224,Low
CUST04225,Low
CUST04226,Low
CUST04227,Low
CUST04228,Low
CUST04229,Low
CUST04230,Low
CUST04231,Low
CUST04232,Low
CUST04233,Low
CUST04234,Low
CUST04235,Medium
CUST04236,Low
CUST04237,Low
CUST04238,Low
CUST04239,Low
CUST04240,Low
CUST04241,Low
CUST04242,Low
CUST04243,Low
CUST04244,Low
CUST04245,Low
CUST04246,Low
CUST04247,Low
CUST04248,Low
CUST04249,Low
CUST04250,Low
CUST04251,Medium
CUST04252,Low
CUST04253,Low
CUST04254,Low
CUST04255,Low
CUST04256,Low
CUST04257,Low
CUST04258,Low
CUST04259,Low
CUST04260,Low
CUST04261,Low
CUST04262,Low
CUST04263,Low
CUST04264,Medium
CUST04265,Low
CUST04266,Low
CUST04267,Low
CUST04268,Low
CUST04269,Low
CUST04270,Low
CUST04271,Low
CUST04272,Low
CUST04273,Low
CUST04274,Low
CUST04275,Low
CUST04276,Low
CUST04277,Low
CUST04278,Low
CUST04279,Low
CUST04280,Low
CUST04281,Low
CUST04282,Low
CUST04283,Medium
CUST04284,Medium
CUST04285,Low
CUST04286,Low
CUST04287,Low
CUST04288,Low
CUST04289,Low
CUST04290,Low
CUST04291,High
CUST04292,Low
CUST04293,Low
CUST04294,Low
CUST04295,Low
CUST04296,Low
CUST04297,Low
CUST04298,Medium
CUST04299,Low
CUST04300,Low
CUST04301,Low
CUST04302,Low
CUST04303,Low
CUST04304,Low
CUST04305,Low
CUST04306,Low
CUST04307,Low
CUST04308,High
CUST04309,Low
CUST04310,High
CUST04311,Low
CUST04312,Low
CUST04313,Low
CUST04314,Medium
CUST04315,Low
CUST04316,Low
CUST04317,Low
CUST04318,Low
CUST04319,Low
CUST04320,Low
CUST04321,Low
CUST04322,Low
CUST04323,Low
CUST04324,Low
CUST04325,Low
CUST04326,Low
CUST04327,High
CUST04328,Low
CUST04329,High
CUST04330,Low
CUST04331,Low
CUST04332,Low
CUST04333,Low
CUST04334,Low
CUST04335,Low
CUST04336,Low
CUST04337,Medium
CUST04338,Low
CUST04339,Low
CUST04340,Medium
CUST04341,Low
CUST04342,Low
CUST04343,Low
CUST04344,Low
CUST04345,Low
CUST04346,Low
CUST04347,Low
CUST04348,Low
CUST04349,High
CUST04350,Low
CUST04351,Medium
CUST04352,Medium
CUST04353,Low
CUST04354,Low
CUST04355,Low
CUST04356,Low
CUST04357,Low
CUST04358,Medium
CUST04359,Low
CUST04360,Low
CUST04361,Low
CUST04362,Low
CUST04363,Low
CUST04364,Low
CUST04365,Low
CUST04366,Low
CUST04367,Low
CUST04368,Low
CUST04369,Low
CUST04370,Low
CUST04371,Low
CUST04372,Low
CUST04373,Low
CUST04374,Medium
CUST04375,Low
CUST04376,Low
CUST04377,Low
CUST04378,Low
CUST04379,Low
CUST04380,Low
CUST04381,Low
CUST04382,Medium
CUST04383,Low
CUST04384,Low
CUST04385,Low
CUST04386,Low
CUST04387,Low
CUST04388,Low
CUST04389,Low
CUST04390,Low
CUST04391,Low
CUST04392,Low
CUST04393,Low
CUST04394,Low
CUST04395,Low
CUST04396,Low
CUST04397,Low
CUST04398,Low
CUST04399,Low
CUST04400,Low
CUST04401,Low
CUST04402,Low
CUST04403,Low
CUST04404,Low
CUST04405,Low
CUST04406,Low
CUST04407,Low
CUST04408,Low
CUST04409,Low
CUST04410,Low
CUST04411,Medium
CUST04412,Low
CUST04413,Low
CUST04414,Low
CUST04415,Low
CUST04416,High
CUST04417,Low
CUST04418,Low
CUST04419,Low
CUST04420,Medium
CUST04421,Low
CUST04422,Low
CUST04423,Low
CUST04424,Low
CUST04425,Low
CUST04426,Low
CUST04427,Medium
CUST04428,Low
CUST04429,Low
CUST04430,Low
CUST04431,Low
CUST04432,Medium
CUST04433,Low
CUST04434,Medium
CUST04435,Low
CUST04436,Low
CUST04437,Low
CUST04438,Medium
CUST04439,Low
CUST04440,Low
CUST04441,Low
CUST04442,Medium
CUST04443,Low
CUST04444,Low
CUST04445,Low
CUST04446,Low
CUST04447,Low
CUST04448,Low
CUST04449,Low
CUST04450,Low
CUST04451,Low
CUST04452,Low
CUST04453,Low
CUST04454,Low
CUST04455,Low
CUST04456,Low
CUST04457,Low
CUST04458,Medium
CUST04459,Low
CUST04460,Low
CUST04461,Low
CUST04462,Low
CUST04463,Low
CUST04464,Low
CUST04465,Low
CUST04466,Low
CUST04467,Low
CUST04468,Low
CUST04469,Low
CUST04470,Low
CUST04471,High
CUST04472,Low
CUST04473,Low
CUST04474,Low
CUST04475,Low
CUST04476,Low
CUST04477,Low
CUST04478,Low
CUST04479,Low
CUST04480,Low
CUST04481,Low
CUST04482,Low
CUST04483,Low
CUST04484,High
CUST04485,Low
CUST04486,Medium
CUST04487,Low
CUST04488,Low
CUST04489,Medium
CUST04490,Low
CUST04491,Low
CUST04492,Low
CUST04493,Low
CUST04494,Medium
CUST04495,Low
CUST04496,Low
CUST04497,Medium
CUST04498,Low
CUST04499,Low
CUST04500,Low
CUST04501,Low
CUST04502,Low
CUST04503,Low
CUST04504,Low
CUST04505,Low
CUST04506,Low
CUST04507,Low
CUST04508,Low
CUST04509,Low
CUST04510,Low
CUST04511,Low
CUST04512,Low
CUST04513,Low
CUST04514,Low
CUST04515,Low
CUST04516,Low
CUST04517,Low
CUST04518,Low
CUST04519,Low
CUST04520,Low
CUST04521,Low
CUST04522,Low
CUST04523,Low
CUST04524,Low
CUST04525,Low
CUST04526,Low
CUST04527,Low
CUST04528,Low
CUST04529,Low
CUST04530,Low
CUST04531,Low
CUST04532,Low
CUST04533,Low
CUST04534,Low
CUST04535,Low
CUST04536,Low
CUST04537,Low
CUST04538,Low
CUST04539,Low
CUST04540,Low
CUST04541,Low
CUST04542,Low
CUST04543,Low
CUST04544,Low
CUST04545,Low
CUST04546,Medium
CUST04547,Low
CUST04548,Low
CUST04549,Low
CUST04550,Low
CUST04551,Low
CUST04552,Low
CUST04553,Low
CUST04554,Low
CUST04555,Low
CUST04556,Low
CUST04557,Low
CUST04558,Low
CUST04559,Low
CUST04560,Low
CUST04561,Low
CUST04562,Low
CUST04563,Low
CUST04564,Low
CUST04565,Low
CUST04566,Low
CUST04567,Low
CUST04568,Medium
CUST04569,Low
CUST04570,Low
CUST04571,Low
CUST04572,Low
CUST04573,Low
CUST04574,Low
CUST04575,Medium
CUST04576,Low
CUST04577,Low
CUST04578,Medium
CUST04579,Medium
CUST04580,Low
CUST04581,Low
CUST04582,Low
CUST04583,Low
CUST04584,Low
CUST04585,Low
CUST04586,Low
CUST04587,Low
CUST04588,Low
CUST04589,Low
CUST04590,Low
CUST04591,Low
CUST04592,Low
CUST04593,Low
CUST04594,Low
CUST04595,Low
CUST04596,Low
CUST04597,High
CUST04598,Low
CUST04599,Low
CUST04600,Low
CUST04601,Low
CUST04602,Low
CUST04603,Low
CUST04604,Low
CUST04605,Low
CUST04606,Low
CUST04607,Low
CUST04608,Low
CUST04609,Low
CUST04610,Low
CUST04611,Low
CUST04612,Low
CUST04613,Low
CUST04614,Low
CUST04615,Low
CUST04616,Low
CUST04617,Low
CUST04618,Low
CUST04619,Low
CUST04620,Low
CUST04621,Low
CUST04622,Low
CUST04623,Low
CUST04624,Low
CUST04625,Low
CUST04626,Low
CUST04627,Low
CUST04628,Low
CUST04629,Low
CUST04630,Medium
CUST04631,Low
CUST04632,Low
CUST04633,Low
CUST04634,Medium
CUST04635,Low
CUST04636,Low
CUST04637,Low
CUST04638,Low
CUST04639,High
CUST04640,Low
CUST04641,Low
CUST04642,Low
CUST04643,Low
CUST04644,Low
CUST04645,Low
CUST04646,Low
CUST04647,Low
CUST04648,Low
CUST04649,Low
CUST04650,Low
CUST04651,Low
CUST04652,Low
CUST04653,Low
CUST04654,Low
CUST04655,Low
CUST04656,Low
CUST04657,Low
CUST04658,Low
CUST04659,Low
CUST04660,Low
CUST04661,Low
CUST04662,Low
CUST04663,Low
CUST04664,High
CUST04665,Low
CUST04666,Low
CUST04667,Low
CUST04668,Low
CUST04669,Low
CUST04670,Low
CUST04671,Low
CUST04672,Low
CUST04673,Medium
CUST04674,Low
CUST04675,Low
CUST04676,Low
CUST04677,Low
CUST04678,Low
CUST04679,Medium
CUST04680,Low
CUST04681,Low
CUST04682,Medium
CUST04683,High
CUST04684,Low
CUST04685,Low
CUST04686,Medium
CUST04687,Low
CUST04688,Low
CUST04689,Low
CUST04690,Medium
CUST04691,Low
CUST04692,Low
CUST04693,Low
CUST04694,Low
CUST04695,Low
CUST04696,Low
CUST04697,Medium
CUST04698,Low
CUST04699,Low
CUST04700,Low
CUST04701,Low
CUST04702,Low
CUST04703,Low
CUST04704,Low
CUST04705,Low
CUST04706,Medium
CUST04707,Low
CUST04708,Medium
CUST04709,Low
CUST04710,Low
CUST04711,Medium
CUST04712,High
CUST04713,Low
CUST04714,Low
CUST04715,Low
CUST04716,Low
CUST04717,Low
CUST04718,Low
CUST04719,Low
CUST04720,Low
CUST04721,Low
CUST04722,Low
CUST04723,Medium
CUST04724,Medium
CUST04725,Low
CUST04726,Low
CUST04727,Low
CUST04728,Low
CUST04729,Low
CUST04730,High
CUST04731,Low
CUST04732,Low
CUST04733,Low
CUST04734,Low
CUST04735,Low
CUST04736,Medium
CUST04737,Low
CUST04738,Low
CUST04739,Low
CUST04740,Low
CUST04741,Low
CUST04742,Low
CUST04743,Low
CUST04744,Low
CUST04745,Low
CUST04746,Low
CUST04747,High
CUST04748,Low
CUST04749,Low
CUST04750,Low
CUST04751,Low
CUST04752,Low
CUST04753,Low
CUST04754,Low
CUST04755,Low
CUST04756,Low
CUST04757,High
CUST04758,Low
CUST04759,Low
CUST04760,Low
CUST04761,Low
CUST04762,Low
CUST04763,Low
CUST04764,Low
CUST04765,Low
CUST04766,Low
CUST04767,Low
CUST04768,Low
CUST04769,Low
CUST04770,Low
CUST04771,Low
CUST04772,Low
CUST04773,Low
CUST04774,Low
CUST04775,Medium
CUST04776,Low
CUST04777,Low
CUST04778,Low
CUST04779,Low
CUST04780,Medium
CUST04781,Low
CUST04782,Low
CUST04783,Low
CUST04784,Low
CUST04785,Low
CUST04786,Low
CUST04787,Low
CUST04788,Low
CUST04789,Low
CUST04790,Low
CUST04791,Low
CUST04792,Low
CUST04793,Low
CUST04794,Low
CUST04795,Low
CUST04796,Low
CUST04797,Low
CUST04798,Low
CUST04799,Low
CUST04800,Low
CUST04801,Low
CUST04802,Low
CUST04803,Low
CUST04804,Low
CUST04805,Low
CUST04806,Low
CUST04807,Low
CUST04808,Low
CUST04809,Low
CUST04810,Low
CUST04811,Low
CUST04812,Low
CUST04813,Low
CUST04814,Low
CUST04815,Low
CUST04816,Low
CUST04817,Low
CUST04818,Low
CUST04819,Low
CUST04820,Low
CUST04821,Low
CUST04822,Low
CUST04823,Low
CUST04824,Low
CUST04825,Low
CUST04826,Low
CUST04827,Low
CUST04828,Low
CUST04829,Medium
CUST04830,Low
CUST04831,Low
CUST04832,Low
CUST04833,Low
CUST04834,Low
CUST04835,Low
CUST04836,Low
CUST04837,Low
CUST04838,Low
CUST04839,Low
CUST04840,Low
CUST04841,Low
CUST04842,Low
CUST04843,High
CUST04844,Low
CUST04845,Low
CUST04846,Low
CUST04847,Low
CUST04848,Low
CUST04849,Low
CUST04850,High
CUST04851,Medium
CUST04852,Low
CUST04853,Low
CUST04854,Low
CUST04855,Low
CUST04856,Low
CUST04857,Low
CUST04858,Low
CUST04859,Low
CUST04860,Low
CUST04861,Low
CUST04862,Low
CUST04863,Low
CUST04864,Low
CUST04865,Low
CUST04866,Low
CUST04867,Low
CUST04868,Low
CUST04869,Low
CUST04870,Low
CUST04871,Low
CUST04872,Low
CUST04873,Low
CUST04874,Low
CUST04875,Low
CUST04876,Low
CUST04877,Low
CUST04878,Low
CUST04879,Low
CUST04880,Low
CUST04881,Low
CUST04882,Low
CUST04883,Low
CUST04884,Low
CUST04885,Low
CUST04886,Low
CUST04887,Low
CUST04888,Low
CUST04889,Low
CUST04890,Low
CUST04891,Low
CUST04892,Low
CUST04893,Low
CUST04894,Low
CUST04895,Medium
CUST04896,Low
CUST04897,Medium
CUST04898,Low
CUST04899,Low
CUST04900,Low
CUST04901,Low
CUST04902,Low
CUST04903,Low
CUST04904,Low
CUST04905,Medium
CUST04906,Low
CUST04907,Low
CUST04908,Low
CUST04909,Medium
CUST04910,Low
CUST04911,Low
CUST04912,Low
CUST04913,Low
CUST04914,Low
CUST04915,Low
CUST04916,Medium
CUST04917,Low
CUST04918,Low
CUST04919,Low
CUST04920,Low
CUST04921,Low
CUST04922,Low
CUST04923,Low
CUST04924,High
CUST04925,Medium
CUST04926,Low
CUST04927,Low
CUST04928,Low
CUST04929,Low
CUST04930,Low
CUST04931,Low
CUST04932,Low
CUST04933,Low
CUST04934,Low
CUST04935,High
CUST04936,Low
CUST04937,Low
CUST04938,Low
CUST04939,Medium
CUST04940,Low
CUST04941,Low
CUST04942,Medium
CUST04943,Low
CUST04944,Low
CUST04945,Low
CUST04946,Low
CUST04947,Low
CUST04948,Low
CUST04949,Medium
CUST04950,Low
CUST04951,Low
CUST04952,Low
CUST04953,Low
CUST04954,Low
CUST04955,Low
CUST04956,Low
CUST04957,Low
CUST04958,Low
CUST04959,Low
CUST04960,Low
CUST04961,Low
CUST04962,Low
CUST04963,Low
CUST04964,Low
CUST04965,Low
CUST04966,Low
CUST04967,Low
CUST04968,Low
CUST04969,Low
CUST04970,Low
CUST04971,Low
CUST04972,Low
CUST04973,Low
CUST04974,Low
CUST04975,Low
CUST04976,Low
CUST04977,Low
CUST04978,Low
CUST04979,Low
CUST04980,Low
CUST04981,Low
CUST04982,Medium
CUST04983,Low
CUST04984,Low
CUST04985,Low
CUST04986,Low
CUST04987,Low
CUST04988,Low
CUST04989,Low
CUST04990,Low
CUST04991,Medium
CUST04992,Low
CUST04993,Low
CUST04994,Low
CUST04995,Low
CUST04996,Low
CUST04997,Medium
CUST04998,Low
CUST04999,Medium
CUST05000,Medium
CUST05001,Low
CUST05002,Low
CUST05003,Low
CUST05004,Low
CUST05005,Low
CUST05006,Medium
CUST05007,Low
CUST05008,Low
CUST05009,Low
CUST05010,Medium
CUST05011,Low
CUST05012,Medium
CUST05013,Low
CUST05014,Low
CUST05015,Low
CUST05016,Low
CUST05017,Low
CUST05018,Low
CUST05019,Low
CUST05020,Low
CUST05021,Low
CUST05022,Medium
CUST05023,Low
CUST05024,Low
CUST05025,Low
CUST05026,Low
CUST05027,Low
CUST05028,Low
CUST05029,Low
CUST05030,Low
CUST05031,High
CUST05032,Low
CUST05033,Low
CUST05034,Low
CUST05035,Low
CUST05036,Medium
CUST05037,Low
CUST05038,Medium
CUST05039,Low
CUST05040,Low
CUST05041,Low
CUST05042,Low
CUST05043,Low
CUST05044,Low
CUST05045,Low
CUST05046,Low
CUST05047,Medium
CUST05048,Low
CUST05049,Low
CUST05050,Low
CUST05051,Low
CUST05052,Low
CUST05053,Low
CUST05054,Low
CUST05055,Low
CUST05056,Low
CUST05057,High
CUST05058,Low
CUST05059,Low
CUST05060,Medium
CUST05061,Low
CUST05062,Low
CUST05063,Low
CUST05064,Low
CUST05065,Low
CUST05066,Low
CUST05067,Low
CUST05068,Low
CUST05069,Medium
CUST05070,Low
CUST05071,Low
CUST05072,Low
CUST05073,Low
CUST05074,Low
CUST05075,Low
CUST05076,Low
CUST05077,High
CUST05078,Low
CUST05079,Low
CUST05080,Low
CUST05081,Low
CUST05082,Low
CUST05083,Low
CUST05084,Low
CUST05085,Low
CUST05086,Low
CUST05087,Low
CUST05088,Low
CUST05089,Low
CUST05090,Low
CUST05091,Low
CUST05092,Low
CUST05093,Low
CUST05094,Low
CUST05095,Low
CUST05096,Low
CUST05097,Low
CUST05098,Low
CUST05099,Medium
CUST05100,Low
CUST05101,Low
CUST05102,Low
CUST05103,Low
CUST05104,Low
CUST05105,Low
CUST05106,Low
CUST05107,Low
CUST05108,Low
CUST05109,Low
CUST05110,Low
CUST05111,Low
CUST05112,Low
CUST05113,Low
CUST05114,Low
CUST05115,Low
CUST05116,Low
CUST05117,Low
CUST05118,Low
CUST05119,Low
CUST05120,Medium
CUST05121,Medium
CUST05122,Low
CUST05123,Low
CUST05124,Low
CUST05125,Low
CUST05126,Low
CUST05127,Low
CUST05128,Low
CUST05129,Low
CUST05130,Low
CUST05131,Low
CUST05132,Low
CUST05133,Low
CUST05134,Low
CUST05135,Low
CUST05136,Low
CUST05137,Low
CUST05138,Low
CUST05139,Low
CUST05140,Low
CUST05141,Low
CUST05142,Low
CUST05143,Low
CUST05144,Low
CUST05145,Low
CUST05146,Low
CUST05147,Low
CUST05148,Low
CUST05149,Low
CUST05150,Low
CUST05151,Low
CUST05152,Low
CUST05153,Low
CUST05154,Low
CUST05155,Low
CUST05156,Low
CUST05157,Low
CUST05158,Low
CUST05159,Low
CUST05160,Low
CUST05161,Low
CUST05162,Low
CUST05163,Low
CUST05164,Low
CUST05165,Low
CUST05166,Low
CUST05167,Low
CUST05168,Low
CUST05169,Low
CUST05170,Low
CUST05171,Low
CUST05172,Low
CUST05173,Low
CUST05174,Low
CUST05175,Low
CUST05176,High
CUST05177,Low
CUST05178,Low
CUST05179,Low
CUST05180,Low
CUST05181,Low
CUST05182,Low
CUST05183,Low
CUST05184,Low
CUST05185,Low
CUST05186,Medium
CUST05187,Low
CUST05188,Low
CUST05189,Low
CUST05190,Low
CUST05191,High
CUST05192,Low
CUST05193,Low
CUST05194,Low
CUST05195,Low
CUST05196,Low
CUST05197,Low
CUST05198,Low
CUST05199,Low
CUST05200,Low
CUST05201,Low
CUST05202,Low
CUST05203,Low
CUST05204,Low
CUST05205,Low
CUST05206,Low
CUST05207,Low
CUST05208,Low
CUST05209,Low
CUST05210,Low
CUST05211,Low
CUST05212,Low
CUST05213,Low
CUST05214,Medium
CUST05215,Low
CUST05216,Low
CUST05217,Low
CUST05218,Medium
CUST05219,Low
CUST05220,Low
CUST05221,Low
CUST05222,Low
CUST05223,Medium
CUST05224,Low
CUST05225,Low
CUST05226,Low
CUST05227,Low
CUST05228,Low
CUST05229,Low
CUST05230,Low
CUST05231,Low
CUST05232,Low
CUST05233,Low
CUST05234,Low
CUST05235,Low
CUST05236,Low
CUST05237,Low
CUST05238,Low
CUST05239,Low
CUST05240,Low
CUST05241,Low
CUST05242,Low
CUST05243,Low
CUST05244,Low
CUST05245,Low
CUST05246,Low
CUST05247,Medium
CUST05248,Low
CUST05249,Low
CUST05250,Low
CUST05251,Low
CUST05252,Low
CUST05253,Low
CUST05254,Low
CUST05255,Low
CUST05256,Low
CUST05257,Low
CUST05258,Low
CUST05259,Medium
CUST05260,Low
CUST05261,Low
CUST05262,Medium
CUST05263,Low
CUST05264,Low
CUST05265,Low
CUST05266,Low
CUST05267,Low
CUST05268,Medium
CUST05269,Low
CUST05270,Low
CUST05271,Low
CUST05272,Low
CUST05273,Low
CUST05274,Low
CUST05275,Low
CUST05276,Low
CUST05277,Low
CUST05278,Low
CUST05279,Low
CUST05280,Low
CUST05281,Low
CUST05282,Low
CUST05283,Low
CUST05284,Low
CUST05285,Low
CUST05286,Low
CUST05287,High
CUST05288,Low
CUST05289,Low
CUST05290,Medium
CUST05291,Low
CUST05292,Medium
CUST05293,Medium
CUST05294,Low
CUST05295,Low
CUST05296,Low
CUST05297,Low
CUST05298,Low
CUST05299,Low
CUST05300,Low
CUST05301,Low
CUST05302,Low
CUST05303,Low
CUST05304,Low
CUST05305,Low
CUST05306,Medium
CUST05307,Low
CUST05308,Low
CUST05309,Low
CUST05310,Low
CUST05311,Low
CUST05312,Low
CUST05313,Low
CUST05314,Low
CUST05315,Low
CUST05316,Low
CUST05317,Low
CUST05318,Low
CUST05319,Low
CUST05320,Low
CUST05321,Medium
CUST05322,Low
CUST05323,Low
CUST05324,Low
CUST05325,Low
CUST05326,Low
CUST05327,Low
CUST05328,Low
CUST05329,Low
CUST05330,Low
CUST05331,Low
CUST05332,Low
CUST05333,Low
CUST05334,Low
CUST05335,Low
CUST05336,Low
CUST05337,Low
CUST05338,Low
CUST05339,Low
CUST05340,Low
CUST05341,Medium
CUST05342,Low
CUST05343,Low
CUST05344,Low
CUST05345,Low
CUST05346,Low
CUST05347,Low
CUST05348,Low
CUST05349,Low
CUST05350,Low
CUST05351,Low
CUST05352,Low
CUST05353,Medium
CUST05354,Low
CUST05355,Low
CUST05356,Low
CUST05357,Low
CUST05358,Low
CUST05359,Low
CUST05360,Low
CUST05361,Low
CUST05362,Low
CUST05363,Medium
CUST05364,Low
CUST05365,Low
CUST05366,Low
CUST05367,Low
CUST05368,Low
CUST05369,Low
CUST05370,Low
CUST05371,Low
CUST05372,Low
CUST05373,Low
CUST05374,Low
CUST05375,Low
CUST05376,Low
CUST05377,Low
CUST05378,Low
CUST05379,Low
CUST05380,Low
CUST05381,Low
CUST05382,Low
CUST05383,Low
CUST05384,Medium
CUST05385,Low
CUST05386,Low
CUST05387,Low
CUST05388,Low
CUST05389,Low
CUST05390,Low
CUST05391,Low
CUST05392,Low
CUST05393,Low
CUST05394,Low
CUST05395,Low
CUST05396,Low
CUST05397,Low
CUST05398,Low
CUST05399,Low
CUST05400,Medium
CUST05401,Low
CUST05402,Low
CUST05403,Low
CUST05404,Low
CUST05405,Low
CUST05406,Low
CUST05407,Low
CUST05408,Low
CUST05409,Low
CUST05410,Low
CUST05411,Low
CUST05412,Low
CUST05413,Low
CUST05414,Low
CUST05415,Low
CUST05416,Low
CUST05417,Low
CUST05418,Low
CUST05419,Low
CUST05420,Low
CUST05421,Low
CUST05422,Low
CUST05423,Low
CUST05424,Low
CUST05425,Low
CUST05426,Low
CUST05427,Low
CUST05428,Low
CUST05429,Low
CUST05430,Low
CUST05431,Low
CUST05432,Low
CUST05433,Low
CUST05434,Low
CUST05435,Low
CUST05436,Low
CUST05437,Low
CUST05438,Low
CUST05439,High
CUST05440,Low
CUST05441,Low
CUST05442,Low
CUST05443,Low
CUST05444,Low
CUST05445,Low
CUST05446,Low
CUST05447,Low
CUST05448,Medium
CUST05449,Low
CUST05450,Low
CUST05451,Low
CUST05452,Low
CUST05453,Low
CUST05454,Low
CUST05455,Low
CUST05456,Low
CUST05457,Low
CUST05458,Medium
CUST05459,Low
CUST05460,Low
CUST05461,Low
CUST05462,Low
CUST05463,Low
CUST05464,Low
CUST05465,Low
CUST05466,Low
CUST05467,Low
CUST05468,Low
CUST05469,Low
CUST05470,Low
CUST05471,Low
CUST05472,Low
CUST05473,Low
CUST05474,Low
CUST05475,Low
CUST05476,Low
CUST05477,Medium
CUST05478,Low
CUST05479,High
CUST05480,Low
CUST05481,Low
CUST05482,Low
CUST05483,Low
CUST05484,Medium
CUST05485,Low
CUST05486,Low
CUST05487,Low
CUST05488,Low
CUST05489,Low
CUST05490,Low
CUST05491,Low
CUST05492,Medium
CUST05493,Low
CUST05494,Low
CUST05495,Low
CUST05496,High
CUST05497,Low
CUST05498,Low
CUST05499,Low
CUST05500,Low
CUST05501,Low
CUST05502,Low
CUST05503,Low
CUST05504,Low
CUST05505,Low
CUST05506,Low
CUST05507,Low
CUST05508,Low
CUST05509,Low
CUST05510,Low
CUST05511,Low
CUST05512,Low
CUST05513,Low
CUST05514,Low
CUST05515,Low
CUST05516,Low
CUST05517,Low
CUST05518,Low
CUST05519,Low
CUST05520,Low
CUST05521,Low
CUST05522,Low
CUST05523,Medium
CUST05524,Low
CUST05525,Low
CUST05526,Low
CUST05527,Low
CUST05528,Low
CUST05529,Low
CUST05530,Low
CUST05531,Low
CUST05532,Medium
CUST05533,Low
CUST05534,Low
CUST05535,Low
CUST05536,Low
CUST05537,Low
CUST05538,Low
CUST05539,Low
CUST05540,Low
CUST05541,Low
CUST05542,Low
CUST05543,Low
CUST05544,Low
CUST05545,High
CUST05546,Low
CUST05547,Low
CUST05548,Low
CUST05549,Low
CUST05550,Low
CUST05551,Low
CUST05552,Low
CUST05553,Low
CUST05554,Low
CUST05555,Low
CUST05556,Low
CUST05557,Low
CUST05558,Low
CUST05559,Medium
CUST05560,Medium
CUST05561,Low
CUST05562,Low
CUST05563,Low
CUST05564,Low
CUST05565,Low
CUST05566,Low
CUST05567,Low
CUST05568,Low
CUST05569,Low
CUST05570,Low
CUST05571,Low
CUST05572,Low
CUST05573,Low
CUST05574,Low
CUST05575,Low
CUST05576,Low
CUST05577,Low
CUST05578,Medium
CUST05579,High
CUST05580,Low
CUST05581,Medium
CUST05582,Low
CUST05583,Medium
CUST05584,Low
CUST05585,Low
CUST05586,Low
CUST05587,Low
CUST05588,Low
CUST05589,Low
CUST05590,Low
CUST05591,Low
CUST05592,Low
CUST05593,Low
CUST05594,Low
CUST05595,Low
CUST05596,Medium
CUST05597,Low
CUST05598,Low
CUST05599,Low
CUST05600,Low
CUST05601,Low
CUST05602,Low
CUST05603,Medium
CUST05604,Low
CUST05605,Low
CUST05606,Low
CUST05607,Low
CUST05608,Low
CUST05609,Low
CUST05610,Low
CUST05611,Low
CUST05612,Low
CUST05613,High
CUST05614,Low
CUST05615,Low
CUST05616,Low
CUST05617,Low
CUST05618,Low
CUST05619,Low
CUST05620,Low
CUST05621,Low
CUST05622,Medium
CUST05623,Medium
CUST05624,Low
CUST05625,High
CUST05626,Low
CUST05627,Low
CUST05628,Low
CUST05629,Low
CUST05630,Low
CUST05631,Low
CUST05632,Low
CUST05633,Low
CUST05634,Low
CUST05635,Low
CUST05636,Low
CUST05637,Medium
CUST05638,Low
CUST05639,Low
CUST05640,Low
CUST05641,Low
CUST05642,Low
CUST05643,Low
CUST05644,Low
CUST05645,Low
CUST05646,Low
CUST05647,Low
CUST05648,Low
CUST05649,Low
CUST05650,Low
CUST05651,Low
CUST05652,Low
CUST05653,Low
CUST05654,Low
CUST05655,Medium
CUST05656,Low
CUST05657,Low
CUST05658,Low
CUST05659,Low
CUST05660,Low
CUST05661,Medium
CUST05662,Low
CUST05663,Low
CUST05664,Low
CUST05665,Low
CUST05666,Low
CUST05667,High
CUST05668,Low
CUST05669,Low
CUST05670,Low
CUST05671,Low
CUST05672,Low
CUST05673,Low
CUST05674,Low
CUST05675,High
CUST05676,Low
CUST05677,Low
CUST05678,Low
CUST05679,Low
CUST05680,Low
CUST05681,Low
CUST05682,Low
CUST05683,Low
CUST05684,Low
CUST05685,Low
CUST05686,Low
CUST05687,Medium
CUST05688,Low
CUST05689,Low
CUST05690,Low
CUST05691,Medium
CUST05692,Low
CUST05693,Low
CUST05694,Low
CUST05695,Low
CUST05696,Low
CUST05697,Low
CUST05698,Low
CUST05699,Low
CUST05700,Low
CUST05701,Low
CUST05702,Low
CUST05703,Low
CUST05704,Low
CUST05705,Low
CUST05706,Low
CUST05707,Low
CUST05708,Low
CUST05709,Low
CUST05710,Low
CUST05711,Low
CUST05712,Low
CUST05713,Low
CUST05714,Low
CUST05715,Low
CUST05716,Low
CUST05717,Low
CUST05718,Low
CUST05719,Low
CUST05720,Low
CUST05721,Low
CUST05722,Low
CUST05723,Low
CUST05724,Low
CUST05725,Low
CUST05726,Low
CUST05727,Low
CUST05728,Low
CUST05729,Low
CUST05730,Low
CUST05731,Low
CUST05732,Low
CUST05733,Low
CUST05734,Low
CUST05735,Low
CUST05736,Low
CUST05737,Low
CUST05738,Low
CUST05739,Low
CUST05740,Low
CUST05741,Low
CUST05742,Low
CUST05743,Low
CUST05744,Medium
CUST05745,Medium
CUST05746,Low
CUST05747,Low
CUST05748,Low
CUST05749,Low
CUST05750,Low
CUST05751,Low
CUST05752,Low
CUST05753,Low
CUST05754,Low
CUST05755,Low
CUST05756,Low
CUST05757,Low
CUST05758,Low
CUST05759,Low
CUST05760,Low
CUST05761,Low
CUST05762,Low
CUST05763,Low
CUST05764,Low
CUST05765,Low
CUST05766,Low
CUST05767,Low
CUST05768,Low
CUST05769,Low
CUST05770,Low
CUST05771,Low
CUST05772,Medium
CUST05773,Low
CUST05774,Low
CUST05775,Low
CUST05776,Medium
CUST05777,Low
CUST05778,Low
CUST05779,Low
CUST05780,Low
CUST05781,Low
CUST05782,Low
CUST05783,Low
CUST05784,Low
CUST05785,Low
CUST05786,Medium
CUST05787,Low
CUST05788,Low
CUST05789,High
CUST05790,Low
CUST05791,Low
CUST05792,Medium
CUST05793,Low
CUST05794,Low
CUST05795,Low
CUST05796,Low
CUST05797,Low
CUST05798,Low
CUST05799,Low
CUST05800,Low
CUST05801,Low
CUST05802,Low
CUST05803,Medium
CUST05804,High
CUST05805,Low
CUST05806,Low
CUST05807,Low
CUST05808,Low
CUST05809,Low
CUST05810,Low
CUST05811,Low
CUST05812,Low
CUST05813,Low
CUST05814,Low
CUST05815,Low
CUST05816,Low
CUST05817,Low
CUST05818,Low
CUST05819,Low
CUST05820,Low
CUST05821,Low
CUST05822,Low
CUST05823,Low
CUST05824,High
CUST05825,Low
CUST05826,Low
CUST05827,Low
CUST05828,Medium
CUST05829,Low
CUST05830,Low
CUST05831,Low
CUST05832,Low
CUST05833,Low
CUST05834,Low
CUST05835,Low
CUST05836,Low
CUST05837,Low
CUST05838,Low
CUST05839,Low
CUST05840,Low
CUST05841,Low
CUST05842,Low
CUST05843,Low
CUST05844,Low
CUST05845,Low
CUST05846,Low
CUST05847,Low
CUST05848,Low
CUST05849,Medium
CUST05850,Low
CUST05851,Low
CUST05852,Medium
CUST05853,Low
CUST05854,Low
CUST05855,Low
CUST05856,Low
CUST05857,Low
CUST05858,Medium
CUST05859,Low
CUST05860,Low
CUST05861,Low
CUST05862,Low
CUST05863,Low
CUST05864,Low
CUST05865,Medium
CUST05866,Low
CUST05867,Medium
CUST05868,Low
CUST05869,Low
CUST05870,Low
CUST05871,Low
CUST05872,Low
CUST05873,Low
CUST05874,Low
CUST05875,Low
CUST05876,Low
CUST05877,Low
CUST05878,Low
CUST05879,Low
CUST05880,Low
CUST05881,Medium
CUST05882,Low
CUST05883,Medium
CUST05884,Low
CUST05885,Medium
CUST05886,Low
CUST05887,Low
CUST05888,Low
CUST05889,Low
CUST05890,Low
CUST05891,Low
CUST05892,Low
CUST05893,Low
CUST05894,Low
CUST05895,Low
CUST05896,Low
CUST05897,Low
CUST05898,Medium
CUST05899,Low
CUST05900,Low
CUST05901,High
CUST05902,Low
CUST05903,Low
CUST05904,Medium
CUST05905,Low
CUST05906,Low
CUST05907,Medium
CUST05908,Low
CUST05909,Low
CUST05910,Low
CUST05911,Low
CUST05912,Low
CUST05913,Low
CUST05914,Low
CUST05915,Low
CUST05916,Low
CUST05917,Medium
CUST05918,Low
CUST05919,Low
CUST05920,Low
CUST05921,Low
CUST05922,Low
CUST05923,Low
CUST05924,Low
CUST05925,Low
CUST05926,Low
CUST05927,Low
CUST05928,Low
CUST05929,Low
CUST05930,Low
CUST05931,Medium
CUST05932,Low
CUST05933,Low
CUST05934,Low
CUST05935,Low
CUST05936,Low
CUST05937,Low
CUST05938,Low
CUST05939,Low
CUST05940,High
CUST05941,Low
CUST05942,Low
CUST05943,Low
CUST05944,Low
CUST05945,Low
CUST05946,Low
CUST05947,Low
CUST05948,Low
CUST05949,Low
CUST05950,Low
CUST05951,High
CUST05952,Low
CUST05953,Low
CUST05954,Low
CUST05955,Low
CUST05956,Low
CUST05957,Low
CUST05958,Low
CUST05959,Low
CUST05960,Low
CUST05961,Medium
CUST05962,Low
CUST05963,Low
CUST05964,Low
CUST05965,Low
CUST05966,Low
CUST05967,Low
CUST05968,Low
CUST05969,Low
CUST05970,Medium
CUST05971,Low
CUST05972,Low
CUST05973,Low
CUST05974,Low
CUST05975,Low
CUST05976,Low
CUST05977,Low
CUST05978,Low
CUST05979,Low
CUST05980,Low
CUST05981,Low
CUST05982,Low
CUST05983,Low
CUST05984,Low
CUST05985,Low
CUST05986,Low
CUST05987,Low
CUST05988,Low
CUST05989,Low
CUST05990,Low
CUST05991,Low
CUST05992,Low
CUST05993,Low
CUST05994,Low
CUST05995,Low
CUST05996,Low
CUST05997,Low
CUST05998,Low
CUST05999,Low
CUST06000,Low
CUST06001,Medium
CUST06002,Low
CUST06003,Low
CUST06004,Low
CUST06005,Low
CUST06006,Medium
CUST06007,Low
CUST06008,Low
CUST06009,Low
CUST06010,Low
CUST06011,Low
CUST06012,Low
CUST06013,Low
CUST06014,Low
CUST06015,Low
CUST06016,Low
CUST06017,Low
CUST06018,Low
CUST06019,Low
CUST06020,Low
CUST06021,Low
CUST06022,Low
CUST06023,Low
CUST06024,Low
CUST06025,Low
CUST06026,Low
CUST06027,Medium
CUST06028,Low
CUST06029,Low
CUST06030,Medium
CUST06031,Low
CUST06032,Low
CUST06033,Low
CUST06034,Low
CUST06035,Low
CUST06036,Low
CUST06037,Low
CUST06038,Low
CUST06039,Low
CUST06040,Low
CUST06041,Low
CUST06042,Low
CUST06043,Low
CUST06044,Low
CUST06045,Low
CUST06046,Low
CUST06047,Low
CUST06048,Low
CUST06049,Low
CUST06050,Low
CUST06051,Low
CUST06052,Low
CUST06053,Low
CUST06054,Low
CUST06055,Medium
CUST06056,High
CUST06057,Low
CUST06058,Low
CUST06059,Low
CUST06060,Low
CUST06061,Low
CUST06062,Low
CUST06063,Low
CUST06064,Low
CUST06065,Low
CUST06066,Medium
CUST06067,Low
CUST06068,Low
CUST06069,Low
CUST06070,Low
CUST06071,Low
CUST06072,Low
CUST06073,Low
CUST06074,High
CUST06075,Low
CUST06076,Low
CUST06077,Low
CUST06078,Low
CUST06079,Low
CUST06080,High
CUST06081,Low
CUST06082,Low
CUST06083,Low
CUST06084,Low
CUST06085,Low
CUST06086,Low
CUST06087,Low
CUST06088,Low
CUST06089,Low
CUST06090,Low
CUST06091,Low
CUST06092,Low
CUST06093,Low
CUST06094,Low
CUST06095,Low
CUST06096,Low
CUST06097,Low
CUST06098,Medium
CUST06099,Low
CUST06100,Low
CUST06101,Low
CUST06102,Low
CUST06103,Low
CUST06104,Low
CUST06105,Medium
CUST06106,Low
CUST06107,Low
CUST06108,Low
CUST06109,Low
CUST06110,Low
CUST06111,Low
CUST06112,Medium
CUST06113,Low
CUST06114,Medium
CUST06115,Low
CUST06116,Low
CUST06117,Low
CUST06118,Low
CUST06119,Low
CUST06120,Low
CUST06121,Low
CUST06122,Low
CUST06123,Low
CUST06124,Low
CUST06125,Low
CUST06126,Low
CUST06127,High
CUST06128,Low
CUST06129,Low
CUST06130,Low
CUST06131,Low
CUST06132,Low
CUST06133,Low
CUST06134,Low
CUST06135,Low
CUST06136,Low
CUST06137,Low
CUST06138,Low
CUST06139,Low
CUST06140,Low
CUST06141,Low
CUST06142,Low
CUST06143,Medium
CUST06144,Low
CUST06145,Low
CUST06146,Medium
CUST06147,High
CUST06148,Low
CUST06149,Low
CUST06150,High
CUST06151,Low
CUST06152,Low
CUST06153,Low
CUST06154,Low
CUST06155,Low
CUST06156,Low
CUST06157,Low
CUST06158,Low
CUST06159,Low
CUST06160,Low
CUST06161,Low
CUST06162,Medium
CUST06163,Medium
CUST06164,Low
CUST06165,Low
CUST06166,Low
CUST06167,Medium
CUST06168,Low
CUST06169,Low
CUST06170,Low
CUST06171,Low
CUST06172,Low
CUST06173,High
CUST06174,Low
CUST06175,Medium
CUST06176,Low
CUST06177,Low
CUST06178,High
CUST06179,Low
CUST06180,Low
CUST06181,Low
CUST06182,Low
CUST06183,Low
CUST06184,Low
CUST06185,Low
CUST06186,Low
CUST06187,Low
CUST06188,Low
CUST06189,Low
CUST06190,Low
CUST06191,Low
CUST06192,Medium
CUST06193,Low
CUST06194,Low
CUST06195,Low
CUST06196,Low
CUST06197,Low
CUST06198,Low
CUST06199,Low
CUST06200,Low
CUST06201,Low
CUST06202,Medium
CUST06203,Low
CUST06204,Low
CUST06205,Low
CUST06206,Low
CUST06207,Low
CUST06208,Low
CUST06209,Low
CUST06210,Low
CUST06211,Low
CUST06212,Medium
CUST06213,Low
CUST06214,Low
CUST06215,Low
CUST06216,Low
CUST06217,High
CUST06218,Low
CUST06219,Low
CUST06220,Low
CUST06221,Low
CUST06222,Low
CUST06223,Low
CUST06224,Low
CUST06225,Low
CUST06226,Low
CUST06227,High
CUST06228,Low
CUST06229,Low
CUST06230,Low
CUST06231,Low
CUST06232,Low
CUST06233,Low
CUST06234,Low
CUST06235,Low
CUST06236,Low
CUST06237,Low
CUST06238,Low
CUST06239,Low
CUST06240,Low
CUST06241,Low
CUST06242,Low
CUST06243,Low
CUST06244,Low
CUST06245,Low
CUST06246,Low
CUST06247,Low
CUST06248,Low
CUST06249,Low
CUST06250,Low
CUST06251,Low
CUST06252,Low
CUST06253,Low
CUST06254,Low
CUST06255,Low
CUST06256,Low
CUST06257,Low
CUST06258,Low
CUST06259,Low
CUST06260,Low
CUST06261,Low
CUST06262,Low
CUST06263,Low
CUST06264,Medium
CUST06265,Low
CUST06266,High
CUST06267,Low
CUST06268,Low
CUST06269,Low
CUST06270,Low
CUST06271,Low
CUST06272,Low
CUST06273,Low
CUST06274,Low
CUST06275,Low
CUST06276,Medium
CUST06277,Low
CUST06278,Low
CUST06279,Medium
CUST06280,Low
CUST06281,Medium
CUST06282,Low
CUST06283,Low
CUST06284,Low
CUST06285,Low
CUST06286,Low
CUST06287,Low
CUST06288,Low
CUST06289,Low
CUST06290,Low
CUST06291,Low
CUST06292,Low
CUST06293,Low
CUST06294,Low
CUST06295,Low
CUST06296,Medium
CUST06297,High
CUST06298,Low
CUST06299,High
CUST06300,Low
CUST06301,Low
CUST06302,Low
CUST06303,Low
CUST06304,Low
CUST06305,Low
CUST06306,Low
CUST06307,Low
CUST06308,Low
CUST06309,Low
CUST06310,Low
CUST06311,Low
CUST06312,Low
CUST06313,Medium
CUST06314,Low
CUST06315,Medium
CUST06316,Low
CUST06317,Low
CUST06318,Low
CUST06319,Low
CUST06320,Low
CUST06321,Low
CUST06322,Low
CUST06323,Low
CUST06324,Low
CUST06325,Low
CUST06326,Low
CUST06327,Low
CUST06328,Medium
CUST06329,Low
CUST06330,Low
CUST06331,Low
CUST06332,Low
CUST06333,Low
CUST06334,Low
CUST06335,Low
CUST06336,Low
CUST06337,Low
CUST06338,Low
CUST06339,Low
CUST06340,Low
CUST06341,Low
CUST06342,Low
CUST06343,Low
CUST06344,Low
CUST06345,Low
CUST06346,Low
CUST06347,Low
CUST06348,Low
CUST06349,Low
CUST06350,Low
CUST06351,Low
CUST06352,Low
CUST06353,Low
CUST06354,Low
CUST06355,Low
CUST06356,Low
CUST06357,Medium
CUST06358,Low
CUST06359,Low
CUST06360,Low
CUST06361,High
CUST06362,Low
CUST06363,Low
CUST06364,Low
CUST06365,Low
CUST06366,Low
CUST06367,Medium
CUST06368,Low
CUST06369,Low
CUST06370,Low
CUST06371,Low
CUST06372,Low
CUST06373,Low
CUST06374,Low
CUST06375,Low
CUST06376,Low
CUST06377,Low
CUST06378,Low
CUST06379,Low
CUST06380,Low
CUST06381,Low
CUST06382,Low
CUST06383,Medium
CUST06384,Low
CUST06385,Low
CUST06386,Medium
CUST06387,Low
CUST06388,Low
CUST06389,Low
CUST06390,Low
CUST06391,Medium
CUST06392,Low
CUST06393,High
CUST06394,Low
CUST06395,Low
CUST06396,Low
CUST06397,Low
CUST06398,Low
CUST06399,Low
CUST06400,Low
CUST06401,Low
CUST06402,Low
CUST06403,Low
CUST06404,Low
CUST06405,Low
CUST06406,Low
CUST06407,Low
CUST06408,Low
CUST06409,Low
CUST06410,Low
CUST06411,High
CUST06412,Low
CUST06413,Low
CUST06414,Low
CUST06415,Low
CUST06416,Low
CUST06417,Low
CUST06418,Low
CUST06419,Low
CUST06420,Low
CUST06421,Low
CUST06422,Low
CUST06423,Low
CUST06424,Low
CUST06425,Low
CUST06426,Medium
CUST06427,Low
CUST06428,Low
CUST06429,Medium
CUST06430,Low
CUST06431,Low
CUST06432,Low
CUST06433,Low
CUST06434,Low
CUST06435,Low
CUST06436,Medium
CUST06437,Medium
CUST06438,Low
CUST06439,Low
CUST06440,Low
CUST06441,Low
CUST06442,Low
CUST06443,Low
CUST06444,Low
CUST06445,Low
CUST06446,Low
CUST06447,Low
CUST06448,Low
CUST06449,Low
CUST06450,Low
CUST06451,Low
CUST06452,High
CUST06453,Low
CUST06454,Low
CUST06455,Low
CUST06456,Low
CUST06457,Low
CUST06458,Low
CUST06459,Low
CUST06460,Low
CUST06461,Medium
CUST06462,Low
CUST06463,Medium
CUST06464,Low
CUST06465,Low
CUST06466,Low
CUST06467,Low
CUST06468,Low
CUST06469,Low
CUST06470,Low
CUST06471,Low
CUST06472,Low
CUST06473,Low
CUST06474,Low
CUST06475,Low
CUST06476,Low
CUST06477,Low
CUST06478,Low
CUST06479,Low
CUST06480,Medium
CUST06481,Low
CUST06482,Low
CUST06483,Low
CUST06484,Low
CUST06485,Low
CUST06486,Low
CUST06487,Low
CUST06488,Low
CUST06489,Low
CUST06490,Low
CUST06491,Low
CUST06492,Medium
CUST06493,Low
CUST06494,Low
CUST06495,Low
CUST06496,Low
CUST06497,Low
CUST06498,Low
CUST06499,Medium
CUST06500,Low
CUST06501,Low
CUST06502,Low
CUST06503,Low
CUST06504,Medium
CUST06505,Low
CUST06506,Low
CUST06507,Low
CUST06508,Low
CUST06509,Low
CUST06510,Low
CUST06511,Low
CUST06512,Low
CUST06513,Low
CUST06514,Medium
CUST06515,Low
CUST06516,Low
CUST06517,Low
CUST06518,Low
CUST06519,Low
CUST06520,Low
CUST06521,Low
CUST06522,Low
CUST06523,Low
CUST06524,Low
CUST06525,Low
CUST06526,Low
CUST06527,Low
CUST06528,Low
CUST06529,Low
CUST06530,Low
CUST06531,Low
CUST06532,Low
CUST06533,Low
CUST06534,Low
CUST06535,Medium
CUST06536,Low
CUST06537,High
CUST06538,Low
CUST06539,Low
CUST06540,Low
CUST06541,Low
CUST06542,Low
CUST06543,Medium
CUST06544,Low
CUST06545,Low
CUST06546,Low
CUST06547,Low
CUST06548,Low
CUST06549,Low
CUST06550,Low
CUST06551,Low
CUST06552,Low
CUST06553,Low
CUST06554,Low
CUST06555,Low
CUST06556,Low
CUST06557,Medium
CUST06558,Low
CUST06559,Low
CUST06560,Low
CUST06561,Low
CUST06562,Low
CUST06563,Low
CUST06564,Medium
CUST06565,Low
CUST06566,Low
CUST06567,Low
CUST06568,Low
CUST06569,Low
CUST06570,Low
CUST06571,Low
CUST06572,Low
CUST06573,Low
CUST06574,Low
CUST06575,Low
CUST06576,High
CUST06577,Low
CUST06578,Low
CUST06579,High
CUST06580,Low
CUST06581,Low
CUST06582,Low
CUST06583,Low
CUST06584,Low
CUST06585,Low
CUST06586,Low
CUST06587,Low
CUST06588,Low
CUST06589,Low
CUST06590,Low
CUST06591,Low
CUST06592,Medium
CUST06593,Low
CUST06594,Medium
CUST06595,Low
CUST06596,Low
CUST06597,Low
CUST06598,Low
CUST06599,Low
CUST06600,Low
CUST06601,Low
CUST06602,Low
CUST06603,Low
CUST06604,Low
CUST06605,Low
CUST06606,Low
CUST06607,Low
CUST06608,Low
CUST06609,Low
CUST06610,Low
CUST06611,Low
CUST06612,Low
CUST06613,Low
CUST06614,Low
CUST06615,Low
CUST06616,Low
CUST06617,Low
CUST06618,Low
CUST06619,Low
CUST06620,Low
CUST06621,Medium
CUST06622,Low
CUST06623,Low
CUST06624,Low
CUST06625,Low
CUST06626,High
CUST06627,Medium
CUST06628,Low
CUST06629,Low
CUST06630,Low
CUST06631,Low
CUST06632,Low
CUST06633,Low
CUST06634,Low
CUST06635,Low
CUST06636,Low
CUST06637,Low
CUST06638,Low
CUST06639,High
CUST06640,Low
CUST06641,Low
CUST06642,Low
CUST06643,Low
CUST06644,Low
CUST06645,Low
CUST06646,Low
CUST06647,Low
CUST06648,Low
CUST06649,Low
CUST06650,Low
CUST06651,Low
CUST06652,Low
CUST06653,Low
CUST06654,Low
CUST06655,Low
CUST06656,Low
CUST06657,Low
CUST06658,Low
CUST06659,Low
CUST06660,Low
CUST06661,Low
CUST06662,Low
CUST06663,Medium
CUST06664,Low
CUST06665,Low
CUST06666,Low
CUST06667,Low
CUST06668,Low
CUST06669,Low
CUST06670,Low
CUST06671,Low
CUST06672,Low
CUST06673,Low
CUST06674,Low
CUST06675,Low
CUST06676,Low
CUST06677,Low
CUST06678,Low
CUST06679,Low
CUST06680,Low
CUST06681,Low
CUST06682,Low
CUST06683,High
CUST06684,Low
CUST06685,Low
CUST06686,Low
CUST06687,Low
CUST06688,Low
CUST06689,Low
CUST06690,Low
CUST06691,Low
CUST06692,Low
CUST06693,Low
CUST06694,Low
CUST06695,Low
CUST06696,Low
CUST06697,Low
CUST06698,Low
CUST06699,Low
CUST06700,Low
CUST06701,Low
CUST06702,Low
CUST06703,Medium
CUST06704,Low
CUST06705,Low
CUST06706,Low
CUST06707,Low
CUST06708,Low
CUST06709,Low
CUST06710,Low
CUST06711,Low
CUST06712,Low
CUST06713,Low
CUST06714,Low
CUST06715,Low
CUST06716,Low
CUST06717,Low
CUST06718,Low
CUST06719,Low
CUST06720,Low
CUST06721,Low
CUST06722,Low
CUST06723,Low
CUST06724,Low
CUST06725,Low
CUST06726,Low
CUST06727,Low
CUST06728,Low
CUST06729,Low
CUST06730,Low
CUST06731,Low
CUST06732,Low
CUST06733,High
CUST06734,Low
CUST06735,Low
CUST06736,Low
CUST06737,Low
CUST06738,Low
CUST06739,Low
CUST06740,Low
CUST06741,Medium
CUST06742,Low
CUST06743,Medium
CUST06744,Medium
CUST06745,High
CUST06746,Low
CUST06747,Low
CUST06748,Low
CUST06749,Low
CUST06750,Low
CUST06751,Low
CUST06752,Low
CUST06753,Low
CUST06754,Low
CUST06755,Low
CUST06756,Medium
CUST06757,Low
CUST06758,Low
CUST06759,Low
CUST06760,Low
CUST06761,Low
CUST06762,High
CUST06763,Low
CUST06764,Low
CUST06765,Low
CUST06766,Low
CUST06767,Low
CUST06768,Low
CUST06769,Low
CUST06770,Low
CUST06771,Low
CUST06772,Low
CUST06773,Low
CUST06774,Low
CUST06775,Low
CUST06776,Low
CUST06777,Low
CUST06778,Low
CUST06779,Low
CUST06780,Low
CUST06781,Low
CUST06782,Low
CUST06783,Low
CUST06784,Low
CUST06785,Low
CUST06786,Low
CUST06787,Low
CUST06788,Low
CUST06789,Low
CUST06790,Low
CUST06791,Medium
CUST06792,Low
CUST06793,Low
CUST06794,Low
CUST06795,Low
CUST06796,Low
CUST06797,Low
CUST06798,Low
CUST06799,Medium
CUST06800,Low
CUST06801,Low
CUST06802,Low
CUST06803,Low
CUST06804,Low
CUST06805,Medium
CUST06806,Low
CUST06807,Low
CUST06808,Medium
CUST06809,Low
CUST06810,Low
CUST06811,Low
CUST06812,Low
CUST06813,Low
CUST06814,Low
CUST06815,Low
CUST06816,Low
CUST06817,Low
CUST06818,Low
CUST06819,Low
CUST06820,Low
CUST06821,Low
CUST06822,Low
CUST06823,Low
CUST06824,High
CUST06825,Low
CUST06826,Low
CUST06827,Low
CUST06828,Low
CUST06829,Low
CUST06830,Low
CUST06831,Low
CUST06832,Low
CUST06833,Low
CUST06834,Low
CUST06835,Low
CUST06836,Low
CUST06837,Low
CUST06838,Medium
CUST06839,Low
CUST06840,Low
CUST06841,Low
CUST06842,High
CUST06843,Low
CUST06844,Low
CUST06845,Low
CUST06846,Low
CUST06847,Low
CUST06848,Low
CUST06849,High
CUST06850,Low
CUST06851,Low
CUST06852,Low
CUST06853,Low
CUST06854,Low
CUST06855,Low
CUST06856,Low
CUST06857,Low
CUST06858,Low
CUST06859,Low
CUST06860,Low
CUST06861,Medium
CUST06862,Medium
CUST06863,Low
CUST06864,Low
CUST06865,Low
CUST06866,Low
CUST06867,Medium
CUST06868,Low
CUST06869,Low
CUST06870,Low
CUST06871,Low
CUST06872,Low
CUST06873,Low
CUST06874,Low
CUST06875,Low
CUST06876,Low
CUST06877,Low
CUST06878,Low
CUST06879,Low
CUST06880,Low
CUST06881,Low
CUST06882,Low
CUST06883,Medium
CUST06884,Low
CUST06885,Low
CUST06886,Medium
CUST06887,Low
CUST06888,Medium
CUST06889,Low
CUST06890,Low
CUST06891,Low
CUST06892,Low
CUST06893,Low
CUST06894,Low
CUST06895,Medium
CUST06896,Low
CUST06897,Low
CUST06898,Low
CUST06899,Low
CUST06900,Low
CUST06901,Medium
CUST06902,Low
CUST06903,Low
CUST06904,Low
CUST06905,Low
CUST06906,Low
CUST06907,Medium
CUST06908,Medium
CUST06909,Low
CUST06910,Low
CUST06911,Low
CUST06912,Low
CUST06913,Low
CUST06914,Low
CUST06915,Low
CUST06916,Low
CUST06917,Low
CUST06918,Low
CUST06919,Low
CUST06920,Low
CUST06921,Low
CUST06922,Low
CUST06923,Medium
CUST06924,Low
CUST06925,Low
CUST06926,Low
CUST06927,Low
CUST06928,Low
CUST06929,Low
CUST06930,Low
CUST06931,Low
CUST06932,Low
CUST06933,Low
CUST06934,Low
CUST06935,Low
CUST06936,Medium
CUST06937,Low
CUST06938,Low
CUST06939,Low
CUST06940,Low
CUST06941,Low
CUST06942,Low
CUST06943,Low
CUST06944,Low
CUST06945,Low
CUST06946,Low
CUST06947,Low
CUST06948,Low
CUST06949,Low
CUST06950,Low
CUST06951,Low
CUST06952,Low
CUST06953,Low
CUST06954,Low
CUST06955,Low
CUST06956,Low
CUST06957,Low
CUST06958,Low
CUST06959,Low
CUST06960,Low
CUST06961,Low
CUST06962,Low
CUST06963,Low
CUST06964,Low
CUST06965,Low
CUST06966,Low
CUST06967,Low
CUST06968,Medium
CUST06969,Low
CUST06970,Low
CUST06971,Low
CUST06972,Low
CUST06973,Low
CUST06974,Low
CUST06975,Low
CUST06976,Low
CUST06977,Low
CUST06978,Low
CUST06979,Low
CUST06980,Low
CUST06981,Low
CUST06982,Low
CUST06983,Low
CUST06984,Medium
CUST06985,Low
CUST06986,Low
CUST06987,Low
CUST06988,Low
CUST06989,Low
CUST06990,Low
CUST06991,High
CUST06992,Low
CUST06993,Low
CUST06994,High
CUST06995,Low
CUST06996,Low
CUST06997,Low
CUST06998,Low
CUST06999,Low
CUST07000,Low
CUST07001,Low
CUST07002,Low
CUST07003,Low
CUST07004,Low
CUST07005,Low
CUST07006,Low
CUST07007,Low
CUST07008,Low
CUST07009,Low
CUST07010,Low
CUST07011,Low
CUST07012,Low
CUST07013,Low
CUST07014,Low
CUST07015,Low
CUST07016,Low
CUST07017,Low
CUST07018,Low
CUST07019,Low
CUST07020,Low
CUST07021,Low
CUST07022,Low
CUST07023,Low
CUST07024,Low
CUST07025,Low
CUST07026,Low
CUST07027,Low
CUST07028,Low
CUST07029,Low
CUST07030,Low
CUST07031,Low
CUST07032,Low
CUST07033,Low
CUST07034,Low
CUST07035,Low
CUST07036,Medium
CUST07037,Low
CUST07038,Low
CUST07039,Low
CUST07040,Medium
CUST07041,Low
CUST07042,Medium
CUST07043,Low
CUST07044,High
CUST07045,Low
CUST07046,Low
CUST07047,Low
CUST07048,Low
CUST07049,Low
CUST07050,Low
CUST07051,Medium
CUST07052,Low
CUST07053,Low
CUST07054,Medium
CUST07055,Low
CUST07056,Low
CUST07057,Low
CUST07058,Low
CUST07059,Low
CUST07060,Low
CUST07061,Low
CUST07062,Low
CUST07063,Low
CUST07064,Low
CUST07065,Low
CUST07066,Low
CUST07067,Low
CUST07068,Low
CUST07069,Low
CUST07070,Low
CUST07071,Low
CUST07072,Low
CUST07073,High
CUST07074,Low
CUST07075,Low
CUST07076,Medium
CUST07077,Low
CUST07078,Low
CUST07079,Low
CUST07080,Low
CUST07081,Low
CUST07082,Low
CUST07083,Low
CUST07084,Low
CUST07085,Low
CUST07086,Low
CUST07087,Low
CUST07088,Low
CUST07089,Low
CUST07090,Low
CUST07091,High
CUST07092,Low
CUST07093,Low
CUST07094,Low
CUST07095,Low
CUST07096,Low
CUST07097,Low
CUST07098,Low
CUST07099,Low
CUST07100,Low
CUST07101,Low
CUST07102,Low
CUST07103,Low
CUST07104,Low
CUST07105,Low
CUST07106,Low
CUST07107,Low
CUST07108,Low
CUST07109,Low
CUST07110,Low
CUST07111,Low
CUST07112,Low
CUST07113,Low
CUST07114,Low
CUST07115,Low
CUST07116,Low
CUST07117,Low
CUST07118,Low
CUST07119,Low
CUST07120,Low
CUST07121,Low
CUST07122,Low
CUST07123,Low
CUST07124,Medium
CUST07125,Low
CUST07126,Medium
CUST07127,Low
CUST07128,Low
CUST07129,Low
CUST07130,Low
CUST07131,Low
CUST07132,Low
CUST07133,Low
CUST07134,Low
CUST07135,Low
CUST07136,Low
CUST07137,Low
CUST07138,Low
CUST07139,Low
CUST07140,Low
CUST07141,Low
CUST07142,Low
CUST07143,Low
CUST07144,Low
CUST07145,Medium
CUST07146,Low
CUST07147,Low
CUST07148,Low
CUST07149,Low
CUST07150,Low
CUST07151,Low
CUST07152,Low
CUST07153,Low
CUST07154,Low
CUST07155,Low
CUST07156,Medium
CUST07157,Low
CUST07158,Low
CUST07159,Low
CUST07160,Low
CUST07161,Low
CUST07162,Low
CUST07163,Low
CUST07164,Low
CUST07165,Low
CUST07166,Low
CUST07167,Low
CUST07168,Low
CUST07169,Low
CUST07170,Low
CUST07171,Low
CUST07172,Low
CUST07173,Low
CUST07174,Medium
CUST07175,Low
CUST07176,Low
CUST07177,Low
CUST07178,Low
CUST07179,Low
CUST07180,Low
CUST07181,Low
CUST07182,Low
CUST07183,Low
CUST07184,Low
CUST07185,High
CUST07186,Medium
CUST07187,Low
CUST07188,Low
CUST07189,Low
CUST07190,Low
CUST07191,Low
CUST07192,Low
CUST07193,Low
CUST07194,Low
CUST07195,Low
CUST07196,Low
CUST07197,Low
CUST07198,Low
CUST07199,Low
CUST07200,Low
CUST07201,Low
CUST07202,Low
CUST07203,Low
CUST07204,Low
CUST07205,Low
CUST07206,Low
CUST07207,Low
CUST07208,Low
CUST07209,Low
CUST07210,Low
CUST07211,Low
CUST07212,Low
CUST07213,Low
CUST07214,Medium
CUST07215,Low
CUST07216,Low
CUST07217,Low
CUST07218,Medium
CUST07219,Low
CUST07220,Low
CUST07221,Low
CUST07222,Low
CUST07223,Low
CUST07224,Low
CUST07225,Low
CUST07226,Low
CUST07227,Low
CUST07228,Low
CUST07229,Low
CUST07230,Low
CUST07231,Low
CUST07232,Low
CUST07233,Low
CUST07234,Low
CUST07235,Low
CUST07236,Low
CUST07237,Low
CUST07238,Low
CUST07239,Low
CUST07240,Low
CUST07241,Low
CUST07242,Low
CUST07243,Medium
CUST07244,Low
CUST07245,Low
CUST07246,Low
CUST07247,Low
CUST07248,Low
CUST07249,Low
CUST07250,Low
CUST07251,Low
CUST07252,Low
CUST07253,Low
CUST07254,Low
CUST07255,Low
CUST07256,Low
CUST07257,Low
CUST07258,Low
CUST07259,Low
CUST07260,Low
CUST07261,Low
CUST07262,Low
CUST07263,Low
CUST07264,Low
CUST07265,Low
CUST07266,Low
CUST07267,Low
CUST07268,Low
CUST07269,Low
CUST07270,Low
CUST07271,Low
CUST07272,Medium
CUST07273,Medium
CUST07274,Low
CUST07275,Low
CUST07276,Low
CUST07277,Low
CUST07278,Low
CUST07279,Low
CUST07280,Low
CUST07281,Low
CUST07282,Low
CUST07283,Low
CUST07284,Low
CUST07285,Medium
CUST07286,Low
CUST07287,Low
CUST07288,Low
CUST07289,Low
CUST07290,Low
CUST07291,Low
CUST07292,Low
CUST07293,Low
CUST07294,Low
CUST07295,Low
CUST07296,Low
CUST07297,Medium
CUST07298,Low
CUST07299,Low
CUST07300,Low
CUST07301,Low
CUST07302,Low
CUST07303,Low
CUST07304,Low
CUST07305,Low
CUST07306,Low
CUST07307,Medium
CUST07308,Low
CUST07309,Low
CUST07310,Low
CUST07311,Low
CUST07312,Low
CUST07313,Low
CUST07314,Low
CUST07315,Low
CUST07316,Medium
CUST07317,Low
CUST07318,Low
CUST07319,Low
CUST07320,Low
CUST07321,Low
CUST07322,Low
CUST07323,Low
CUST07324,Low
CUST07325,Low
CUST07326,Low
CUST07327,Low
CUST07328,Low
CUST07329,Low
CUST07330,Low
CUST07331,Low
CUST07332,Low
CUST07333,Low
CUST07334,Low
CUST07335,Low
CUST07336,Low
CUST07337,Low
CUST07338,Low
CUST07339,Low
CUST07340,Low
CUST07341,Medium
CUST07342,Medium
CUST07343,Low
CUST07344,Low
CUST07345,Low
CUST07346,Low
CUST07347,Low
CUST07348,Low
CUST07349,Medium
CUST07350,Low
CUST07351,Low
CUST07352,Low
CUST07353,Low
CUST07354,Low
CUST07355,Low
CUST07356,Medium
CUST07357,Low
CUST07358,Low
CUST07359,Low
CUST07360,Low
CUST07361,Low
CUST07362,Low
CUST07363,Low
CUST07364,Low
CUST07365,Low
CUST07366,Low
CUST07367,Low
CUST07368,Low
CUST07369,Low
CUST07370,Low
CUST07371,Low
CUST07372,Low
CUST07373,Low
CUST07374,Low
CUST07375,Low
CUST07376,Low
CUST07377,Low
CUST07378,Low
CUST07379,Low
CUST07380,Low
CUST07381,Low
CUST07382,Low
CUST07383,Low
CUST07384,Low
CUST07385,Low
CUST07386,Low
CUST07387,Low
CUST07388,Low
CUST07389,Low
CUST07390,Low
CUST07391,Medium
CUST07392,Low
CUST07393,Low
CUST07394,Low
CUST07395,Medium
CUST07396,Medium
CUST07397,Low
CUST07398,Low
CUST07399,Low
CUST07400,Low
CUST07401,Low
CUST07402,Medium
CUST07403,Low
CUST07404,Low
CUST07405,Low
CUST07406,Low
CUST07407,Low
CUST07408,Low
CUST07409,Medium
CUST07410,Low
CUST07411,Low
CUST07412,Low
CUST07413,Low
CUST07414,Low
CUST07415,Low
CUST07416,Low
CUST07417,Low
CUST07418,Low
CUST07419,Low
CUST07420,Low
CUST07421,Low
CUST07422,Low
CUST07423,Low
CUST07424,Low
CUST07425,Low
CUST07426,Low
CUST07427,Low
CUST07428,Low
CUST07429,Low
CUST07430,Low
CUST07431,Medium
CUST07432,Low
CUST07433,Low
CUST07434,Low
CUST07435,Low
CUST07436,Low
CUST07437,Low
CUST07438,Low
CUST07439,Medium
CUST07440,Low
CUST07441,Low
CUST07442,Low
CUST07443,Low
CUST07444,Low
CUST07445,Low
CUST07446,Low
CUST07447,Low
CUST07448,Low
CUST07449,Low
CUST07450,Low
CUST07451,Low
CUST07452,Low
CUST07453,Low
CUST07454,Low
CUST07455,Low
CUST07456,Low
CUST07457,Low
CUST07458,Low
CUST07459,Low
CUST07460,Low
CUST07461,Low
CUST07462,Low
CUST07463,Low
CUST07464,Medium
CUST07465,Low
CUST07466,Low
CUST07467,Low
CUST07468,Low
CUST07469,Low
CUST07470,Low
CUST07471,Low
CUST07472,Low
CUST07473,Low
CUST07474,Low
CUST07475,Low
CUST07476,Low
CUST07477,Low
CUST07478,Low
CUST07479,Low
CUST07480,Medium
CUST07481,Low
CUST07482,Low
CUST07483,Low
CUST07484,Low
CUST07485,Low
CUST07486,Low
CUST07487,Low
CUST07488,Low
CUST07489,Medium
CUST07490,Low
CUST07491,Low
CUST07492,Low
CUST07493,Low
CUST07494,Low
CUST07495,Low
CUST07496,Low
CUST07497,Low
CUST07498,Low
CUST07499,Low
CUST07500,Low
CUST07501,Low
CUST07502,Low
CUST07503,Low
CUST07504,Low
CUST07505,Low
CUST07506,Low
CUST07507,Low
CUST07508,Low
CUST07509,Low
CUST07510,Low
CUST07511,Low
CUST07512,Low
CUST07513,Low
CUST07514,Low
CUST07515,High
CUST07516,Low
CUST07517,Low
CUST07518,Low
CUST07519,Low
CUST07520,Low
CUST07521,Low
CUST07522,Low
CUST07523,Low
CUST07524,Low
CUST07525,Low
CUST07526,Low
CUST07527,Low
CUST07528,Low
CUST07529,Low
CUST07530,Low
CUST07531,Low
CUST07532,Low
CUST07533,Medium
CUST07534,Low
CUST07535,Low
CUST07536,Low
CUST07537,Low
CUST07538,Low
CUST07539,Low
CUST07540,Low
CUST07541,Low
CUST07542,Low
CUST07543,Low
CUST07544,Low
CUST07545,Low
CUST07546,Low
CUST07547,Low
CUST07548,Low
CUST07549,Low
CUST07550,Low
CUST07551,Low
CUST07552,Low
CUST07553,Low
CUST07554,Low
CUST07555,Low
CUST07556,Low
CUST07557,Low
CUST07558,Low
CUST07559,Low
CUST07560,Low
CUST07561,Low
CUST07562,Low
CUST07563,Low
CUST07564,Low
CUST07565,Low
CUST07566,Low
CUST07567,Low
CUST07568,Low
CUST07569,Low
CUST07570,Low
CUST07571,Low
CUST07572,Low
CUST07573,Medium
CUST07574,Low
CUST07575,Low
CUST07576,Low
CUST07577,Low
CUST07578,Low
CUST07579,Low
CUST07580,Low
CUST07581,Medium
CUST07582,Low
CUST07583,Low
CUST07584,Low
CUST07585,Low
CUST07586,Medium
CUST07587,Low
CUST07588,Low
CUST07589,Low
CUST07590,Low
CUST07591,Low
CUST07592,Low
CUST07593,Low
CUST07594,Low
CUST07595,Low
CUST07596,Low
CUST07597,Low
CUST07598,Low
CUST07599,Low
CUST07600,Low
CUST07601,Low
CUST07602,Low
CUST07603,Low
CUST07604,Low
CUST07605,Low
CUST07606,Low
CUST07607,Low
CUST07608,Low
CUST07609,Low
CUST07610,Low
CUST07611,Low
CUST07612,Low
CUST07613,Low
CUST07614,Low
CUST07615,Low
CUST07616,Low
CUST07617,Low
CUST07618,Low
CUST07619,Low
CUST07620,Low
CUST07621,Low
CUST07622,High
CUST07623,Low
CUST07624,Low
CUST07625,Low
CUST07626,Low
CUST07627,Low
CUST07628,Low
CUST07629,Low
CUST07630,Low
CUST07631,Low
CUST07632,Low
CUST07633,Low
CUST07634,Low
CUST07635,Low
CUST07636,Low
CUST07637,Low
CUST07638,Low
CUST07639,Low
CUST07640,Low
CUST07641,Medium
CUST07642,High
CUST07643,Low
CUST07644,Low
CUST07645,Low
CUST07646,Low
CUST07647,Low
CUST07648,Low
CUST07649,Low
CUST07650,Low
CUST07651,Low
CUST07652,Low
CUST07653,Low
CUST07654,Low
CUST07655,Low
CUST07656,Low
CUST07657,Low
CUST07658,Low
CUST07659,Low
CUST07660,Low
CUST07661,Low
CUST07662,Medium
CUST07663,Low
CUST07664,Low
CUST07665,Low
CUST07666,Low
CUST07667,Medium
CUST07668,Low
CUST07669,Low
CUST07670,Low
CUST07671,Low
CUST07672,Low
CUST07673,Low
CUST07674,Low
CUST07675,Low
CUST07676,Low
CUST07677,Low
CUST07678,Low
CUST07679,Low
CUST07680,Low
CUST07681,Low
CUST07682,Low
CUST07683,Low
CUST07684,Low
CUST07685,Low
CUST07686,High
CUST07687,Low
CUST07688,Low
CUST07689,Low
CUST07690,Low
CUST07691,Low
CUST07692,Low
CUST07693,Low
CUST07694,Low
CUST07695,Medium
CUST07696,Low
CUST07697,Low
CUST07698,Low
CUST07699,Low
CUST07700,Low
CUST07701,Low
CUST07702,Low
CUST07703,Low
CUST07704,High
CUST07705,Low
CUST07706,Low
CUST07707,Low
CUST07708,Low
CUST07709,Low
CUST07710,Low
CUST07711,Low
CUST07712,Low
CUST07713,Low
CUST07714,Low
CUST07715,Low
CUST07716,Low
CUST07717,Low
CUST07718,Low
CUST07719,Low
CUST07720,Medium
CUST07721,Low
CUST07722,Low
CUST07723,Low
CUST07724,Low
CUST07725,Low
CUST07726,Low
CUST07727,Low
CUST07728,Low
CUST07729,Low
CUST07730,Low
CUST07731,Low
CUST07732,Low
CUST07733,Low
CUST07734,Low
CUST07735,Low
CUST07736,Low
CUST07737,Low
CUST07738,Low
CUST07739,Low
CUST07740,Low
CUST07741,Low
CUST07742,Low
CUST07743,Low
CUST07744,Low
CUST07745,Low
CUST07746,Low
CUST07747,Low
CUST07748,Low
CUST07749,Low
CUST07750,Low
CUST07751,Low
CUST07752,Low
CUST07753,Low
CUST07754,Low
CUST07755,Low
CUST07756,Low
CUST07757,Low
CUST07758,Low
CUST07759,Low
CUST07760,Low
CUST07761,Low
CUST07762,Low
CUST07763,Medium
CUST07764,Low
CUST07765,Low
CUST07766,Low
CUST07767,Low
CUST07768,Low
CUST07769,Low
CUST07770,Medium
CUST07771,Low
CUST07772,Low
CUST07773,Low
CUST07774,Low
CUST07775,Low
CUST07776,Low
CUST07777,Low
CUST07778,Low
CUST07779,Low
CUST07780,Low
CUST07781,Low
CUST07782,Low
CUST07783,Low
CUST07784,Low
CUST07785,Medium
CUST07786,Low
CUST07787,Low
CUST07788,Low
CUST07789,Low
CUST07790,Low
CUST07791,Low
CUST07792,Low
CUST07793,Low
CUST07794,Low
CUST07795,Low
CUST07796,Low
CUST07797,Low
CUST07798,Low
CUST07799,Low
CUST07800,Low
CUST07801,Low
CUST07802,Low
CUST07803,Low
CUST07804,Low
CUST07805,Low
CUST07806,Low
CUST07807,Medium
CUST07808,Low
CUST07809,Low
CUST07810,Low
CUST07811,Low
CUST07812,Low
CUST07813,Low
CUST07814,Low
CUST07815,Low
CUST07816,Low
CUST07817,Low
CUST07818,High
CUST07819,Medium
CUST07820,Low
CUST07821,Low
CUST07822,Low
CUST07823,Low
CUST07824,Low
CUST07825,Low
CUST07826,Low
CUST07827,Low
CUST07828,Low
CUST07829,Low
CUST07830,Low
CUST07831,Low
CUST07832,Low
CUST07833,Low
CUST07834,Low
CUST07835,Low
CUST07836,Low
CUST07837,Low
CUST07838,Low
CUST07839,Low
CUST07840,Low
CUST07841,Low
CUST07842,Low
CUST07843,Low
CUST07844,Low
CUST07845,Low
CUST07846,Low
CUST07847,Low
CUST07848,Low
CUST07849,Low
CUST07850,Low
CUST07851,Low
CUST07852,High
CUST07853,Low
CUST07854,Low
CUST07855,Low
CUST07856,Low
CUST07857,Low
CUST07858,Low
CUST07859,Low
CUST07860,Low
CUST07861,Low
CUST07862,Low
CUST07863,Low
CUST07864,Low
CUST07865,Low
CUST07866,Low
CUST07867,Low
CUST07868,Low
CUST07869,Low
CUST07870,Low
CUST07871,Low
CUST07872,Medium
CUST07873,Low
CUST07874,Low
CUST07875,Low
CUST07876,Low
CUST07877,Low
CUST07878,Low
CUST07879,Low
CUST07880,Low
CUST07881,Low
CUST07882,Low
CUST07883,Low
CUST07884,Low
CUST07885,Low
CUST07886,Low
CUST07887,Low
CUST07888,Low
CUST07889,Low
CUST07890,Low
CUST07891,Low
CUST07892,Low
CUST07893,Low
CUST07894,Low
CUST07895,Low
CUST07896,High
CUST07897,Low
CUST07898,Low
CUST07899,Low
CUST07900,Low
CUST07901,Low
CUST07902,Low
CUST07903,Low
CUST07904,Low
CUST07905,Medium
CUST07906,Low
CUST07907,Low
CUST07908,Low
CUST07909,Low
CUST07910,Low
CUST07911,Low
CUST07912,Low
CUST07913,Low
CUST07914,Low
CUST07915,Low
CUST07916,High
CUST07917,Low
CUST07918,Low
CUST07919,Low
CUST07920,Low
CUST07921,Low
CUST07922,Low
CUST07923,Low
CUST07924,Low
CUST07925,Medium
CUST07926,Low
CUST07927,Low
CUST07928,Low
CUST07929,Low
CUST07930,High
CUST07931,Low
CUST07932,Low
CUST07933,Medium
CUST07934,Low
CUST07935,Low
CUST07936,Low
CUST07937,Low
CUST07938,Low
CUST07939,Low
CUST07940,Low
CUST07941,Low
CUST07942,Low
CUST07943,High
CUST07944,Low
CUST07945,Low
CUST07946,Low
CUST07947,Low
CUST07948,Low
CUST07949,Low
CUST07950,Low
CUST07951,Low
CUST07952,Low
CUST07953,Low
CUST07954,High
CUST07955,Low
CUST07956,Low
CUST07957,Low
CUST07958,Low
CUST07959,Low
CUST07960,High
CUST07961,Low
CUST07962,Low
CUST07963,Low
CUST07964,Low
CUST07965,Low
CUST07966,Low
CUST07967,Medium
CUST07968,Medium
CUST07969,Low
CUST07970,Low
CUST07971,Low
CUST07972,Low
CUST07973,Low
CUST07974,Low
CUST07975,Low
CUST07976,Low
CUST07977,Low
CUST07978,Low
CUST07979,Low
CUST07980,Medium
CUST07981,Low
CUST07982,Medium
CUST07983,Low
CUST07984,Low
CUST07985,Low
CUST07986,Low
CUST07987,Low
CUST07988,Medium
CUST07989,Low
CUST07990,Low
CUST07991,Low
CUST07992,Low
CUST07993,Low
CUST07994,Low
CUST07995,Low
CUST07996,Low
CUST07997,Low
CUST07998,Low
CUST07999,Medium
CUST08000,Low
CUST08001,Low
CUST08002,Low
CUST08003,Low
CUST08004,Low
CUST08005,Low
CUST08006,Low
CUST08007,Low
CUST08008,Low
CUST08009,High
CUST08010,High
CUST08011,Low
CUST08012,Low
CUST08013,Low
CUST08014,Low
CUST08015,Low
CUST08016,Low
CUST08017,Low
CUST08018,Low
CUST08019,Low
CUST08020,Low
CUST08021,Low
CUST08022,Medium
CUST08023,Medium
CUST08024,Low
CUST08025,Low
CUST08026,Low
CUST08027,Low
CUST08028,Low
CUST08029,Low
CUST08030,Low
CUST08031,Low
CUST08032,Medium
CUST08033,Low
CUST08034,Medium
CUST08035,Low
CUST08036,Low
CUST08037,Low
CUST08038,Low
CUST08039,Low
CUST08040,Low
CUST08041,Low
CUST08042,Low
CUST08043,Low
CUST08044,Low
CUST08045,Low
CUST08046,Low
CUST08047,Low
CUST08048,Low
CUST08049,Low
CUST08050,Low
CUST08051,Low
CUST08052,Low
CUST08053,Low
CUST08054,Low
CUST08055,Low
CUST08056,Low
CUST08057,Medium
CUST08058,Low
CUST08059,Low
CUST08060,Low
CUST08061,Low
CUST08062,Low
CUST08063,Low
CUST08064,Low
CUST08065,Low
CUST08066,Low
CUST08067,Low
CUST08068,Low
CUST08069,Low
CUST08070,Low
CUST08071,Low
CUST08072,Low
CUST08073,Low
CUST08074,Low
CUST08075,Low
CUST08076,Low
CUST08077,Low
CUST08078,High
CUST08079,Low
CUST08080,Low
CUST08081,Low
CUST08082,Medium
CUST08083,Low
CUST08084,Medium
CUST08085,Low
CUST08086,High
CUST08087,Low
CUST08088,Low
CUST08089,Low
CUST08090,Low
CUST08091,Low
CUST08092,Medium
CUST08093,Low
CUST08094,Low
CUST08095,Low
CUST08096,Low
CUST08097,Low
CUST08098,Low
CUST08099,Low
CUST08100,Low
CUST08101,Low
CUST08102,Low
CUST08103,Low
CUST08104,Medium
CUST08105,Medium
CUST08106,Low
CUST08107,Low
CUST08108,Low
CUST08109,Low
CUST08110,Medium
CUST08111,Low
CUST08112,Medium
CUST08113,Low
CUST08114,Low
CUST08115,Low
CUST08116,Low
CUST08117,Low
CUST08118,Low
CUST08119,Medium
CUST08120,Low
CUST08121,Low
CUST08122,Low
CUST08123,Low
CUST08124,Low
CUST08125,Low
CUST08126,Low
CUST08127,Medium
CUST08128,Low
CUST08129,High
CUST08130,Low
CUST08131,Low
CUST08132,Low
CUST08133,Low
CUST08134,Medium
CUST08135,Low
CUST08136,Low
CUST08137,Low
CUST08138,Low
CUST08139,Low
CUST08140,Low
CUST08141,Low
CUST08142,Low
CUST08143,Medium
CUST08144,Low
CUST08145,Low
CUST08146,Low
CUST08147,Low
CUST08148,Low
CUST08149,Low
CUST08150,Low
CUST08151,Low
CUST08152,Low
CUST08153,Low
CUST08154,Low
CUST08155,Low
CUST08156,Low
CUST08157,Low
CUST08158,Low
CUST08159,Low
CUST08160,Low
CUST08161,Low
CUST08162,Low
CUST08163,Low
CUST08164,Low
CUST08165,Medium
CUST08166,Low
CUST08167,Low
CUST08168,Low
CUST08169,Low
CUST08170,Medium
CUST08171,Low
CUST08172,Low
CUST08173,Low
CUST08174,Low
CUST08175,Low
CUST08176,Low
CUST08177,Low
CUST08178,Low
CUST08179,Low
CUST08180,Low
CUST08181,Low
CUST08182,Low
CUST08183,Low
CUST08184,Low
CUST08185,Low
CUST08186,Low
CUST08187,Low
CUST08188,Low
CUST08189,Low
CUST08190,Low
CUST08191,Low
CUST08192,Low
CUST08193,Low
CUST08194,Low
CUST08195,Low
CUST08196,Low
CUST08197,Low
CUST08198,Medium
CUST08199,Low
CUST08200,Low
CUST08201,Low
CUST08202,Low
CUST08203,Low
CUST08204,Low
CUST08205,Low
CUST08206,Low
CUST08207,High
CUST08208,Low
CUST08209,Low
CUST08210,Low
CUST08211,Low
CUST08212,Low
CUST08213,Low
CUST08214,Low
CUST08215,Low
CUST08216,Low
CUST08217,Low
CUST08218,Low
CUST08219,Low
CUST08220,Low
CUST08221,Low
CUST08222,Low
CUST08223,Low
CUST08224,Low
CUST08225,Low
CUST08226,Low
CUST08227,Low
CUST08228,Low
CUST08229,Low
CUST08230,Low
CUST08231,Low
CUST08232,Low
CUST08233,Low
CUST08234,Low
CUST08235,Low
CUST08236,Low
CUST08237,Low
CUST08238,Low
CUST08239,Low
CUST08240,Low
CUST08241,Low
CUST08242,Low
CUST08243,Low
CUST08244,Low
CUST08245,Low
CUST08246,Low
CUST08247,Low
CUST08248,Low
CUST08249,Low
CUST08250,Low
CUST08251,Low
CUST08252,Low
CUST08253,Low
CUST08254,Low
CUST08255,Low
CUST08256,Low
CUST08257,Low
CUST08258,Low
CUST08259,Low
CUST08260,Low
CUST08261,Low
CUST08262,Low
CUST08263,Medium
CUST08264,Low
CUST08265,Low
CUST08266,Low
CUST08267,Low
CUST08268,Low
CUST08269,Low
CUST08270,Low
CUST08271,Low
CUST08272,Low
CUST08273,Low
CUST08274,Medium
CUST08275,Low
CUST08276,Low
CUST08277,Low
CUST08278,Low
CUST08279,Low
CUST08280,Low
CUST08281,Low
CUST08282,Low
CUST08283,Low
CUST08284,Low
CUST08285,Low
CUST08286,Low
CUST08287,Low
CUST08288,Low
CUST08289,Low
CUST08290,Low
CUST08291,Low
CUST08292,Low
CUST08293,Medium
CUST08294,Low
CUST08295,High
CUST08296,High
CUST08297,Low
CUST08298,Low
CUST08299,Low
CUST08300,Low
CUST08301,Low
CUST08302,Low
CUST08303,Low
CUST08304,Low
CUST08305,Low
CUST08306,Low
CUST08307,Low
CUST08308,Low
CUST08309,Low
CUST08310,Low
CUST08311,Medium
CUST08312,High
CUST08313,Low
CUST08314,Medium
CUST08315,Low
CUST08316,Low
CUST08317,Low
CUST08318,Low
CUST08319,Low
CUST08320,Low
CUST08321,Low
CUST08322,Low
CUST08323,Medium
CUST08324,Low
CUST08325,Low
CUST08326,Low
CUST08327,Low
CUST08328,Low
CUST08329,Low
CUST08330,Low
CUST08331,Low
CUST08332,Low
CUST08333,Medium
CUST08334,Low
CUST08335,Low
CUST08336,Low
CUST08337,Low
CUST08338,Low
CUST08339,Low
CUST08340,Low
CUST08341,Low
CUST08342,Low
CUST08343,Low
CUST08344,Medium
CUST08345,Low
CUST08346,Low
CUST08347,Low
CUST08348,Low
CUST08349,Low
CUST08350,Low
CUST08351,Low
CUST08352,Low
CUST08353,Low
CUST08354,Low
CUST08355,Low
CUST08356,Low
CUST08357,Low
CUST08358,Low
CUST08359,Low
CUST08360,Low
CUST08361,Low
CUST08362,Medium
CUST08363,Low
CUST08364,Low
CUST08365,Low
CUST08366,Low
CUST08367,Low
CUST08368,Low
CUST08369,Low
CUST08370,Low
CUST08371,Low
CUST08372,Low
CUST08373,Low
CUST08374,Low
CUST08375,Low
CUST08376,Low
CUST08377,Low
CUST08378,Low
CUST08379,Low
CUST08380,Low
CUST08381,Low
CUST08382,Low
CUST08383,Low
CUST08384,Low
CUST08385,Low
CUST08386,Low
CUST08387,Low
CUST08388,Medium
CUST08389,Medium
CUST08390,Low
CUST08391,Low
CUST08392,Low
CUST08393,Low
CUST08394,Low
CUST08395,Low
CUST08396,High
CUST08397,Low
CUST08398,Low
CUST08399,Low
CUST08400,Low
CUST08401,Low
CUST08402,Low
CUST08403,Low
CUST08404,Low
CUST08405,Low
CUST08406,Medium
CUST08407,Low
CUST08408,Low
CUST08409,Low
CUST08410,Low
CUST08411,Low
CUST08412,Low
CUST08413,Low
CUST08414,Low
CUST08415,Low
CUST08416,Medium
CUST08417,Low
CUST08418,Low
CUST08419,Low
CUST08420,Low
CUST08421,Low
CUST08422,Low
CUST08423,Low
CUST08424,Low
CUST08425,Low
CUST08426,Low
CUST08427,High
CUST08428,Low
CUST08429,Low
CUST08430,Low
CUST08431,Low
CUST08432,Low
CUST08433,Low
CUST08434,Low
CUST08435,Low
CUST08436,Low
CUST08437,Low
CUST08438,Low
CUST08439,Medium
CUST08440,High
CUST08441,Low
CUST08442,Low
CUST08443,Low
CUST08444,High
CUST08445,Low
CUST08446,Low
CUST08447,Low
CUST08448,Low
CUST08449,Low
CUST08450,Low
CUST08451,Low
CUST08452,Low
CUST08453,Low
CUST08454,Low
CUST08455,Low
CUST08456,Medium
CUST08457,Low
CUST08458,Low
CUST08459,Low
CUST08460,Low
CUST08461,Low
CUST08462,Low
CUST08463,Low
CUST08464,Low
CUST08465,Low
CUST08466,Low
CUST08467,Low
CUST08468,Low
CUST08469,Low
CUST08470,Low
CUST08471,High
CUST08472,Low
CUST08473,Low
CUST08474,Low
CUST08475,Low
CUST08476,Low
CUST08477,Low
CUST08478,Low
CUST08479,Medium
CUST08480,Low
CUST08481,Low
CUST08482,Low
CUST08483,Low
CUST08484,Medium
CUST08485,Low
CUST08486,Low
CUST08487,High
CUST08488,Low
CUST08489,Low
CUST08490,Low
CUST08491,Low
CUST08492,Low
CUST08493,Medium
CUST08494,Low
CUST08495,Low
CUST08496,Low
CUST08497,Low
CUST08498,Low
CUST08499,Medium
CUST08500,Low
CUST08501,Low
CUST08502,Low
CUST08503,Medium
CUST08504,Low
CUST08505,Low
CUST08506,Low
CUST08507,Low
CUST08508,Low
CUST08509,Low
CUST08510,Low
CUST08511,Low
CUST08512,Low
CUST08513,Low
CUST08514,Medium
CUST08515,Low
CUST08516,Low
CUST08517,Low
CUST08518,Low
CUST08519,Low
CUST08520,Low
CUST08521,Low
CUST08522,Low
CUST08523,Low
CUST08524,Low
CUST08525,Low
CUST08526,Low
CUST08527,Low
CUST08528,Low
CUST08529,Low
CUST08530,Low
CUST08531,Low
CUST08532,Medium
CUST08533,Low
CUST08534,Low
CUST08535,Low
CUST08536,Low
CUST08537,Low
CUST08538,Low
CUST08539,Low
CUST08540,Low
CUST08541,Low
CUST08542,Low
CUST08543,Low
CUST08544,Low
CUST08545,Low
CUST08546,Low
CUST08547,Low
CUST08548,Low
CUST08549,Low
CUST08550,Low
CUST08551,Low
CUST08552,Low
CUST08553,Low
CUST08554,Medium
CUST08555,Low
CUST08556,Low
CUST08557,Low
CUST08558,Low
CUST08559,Low
CUST08560,Low
CUST08561,Low
CUST08562,Low
CUST08563,High
CUST08564,Low
CUST08565,Low
CUST08566,Low
CUST08567,Low
CUST08568,Low
CUST08569,Medium
CUST08570,Low
CUST08571,Low
CUST08572,Medium
CUST08573,Medium
CUST08574,Low
CUST08575,Low
CUST08576,Low
CUST08577,Low
CUST08578,Low
CUST08579,Low
CUST08580,Medium
CUST08581,Low
CUST08582,Low
CUST08583,Low
CUST08584,High
CUST08585,Medium
CUST08586,Low
CUST08587,Low
CUST08588,Medium
CUST08589,Low
CUST08590,Low
CUST08591,Low
CUST08592,Low
CUST08593,Low
CUST08594,Low
CUST08595,Low
CUST08596,Low
CUST08597,Low
CUST08598,Low
CUST08599,Low
CUST08600,Low
CUST08601,High
CUST08602,Low
CUST08603,Low
CUST08604,Low
CUST08605,Low
CUST08606,Low
CUST08607,Low
CUST08608,Low
CUST08609,Low
CUST08610,Low
CUST08611,Low
CUST08612,Low
CUST08613,Low
CUST08614,Low
CUST08615,Low
CUST08616,Low
CUST08617,Low
CUST08618,Low
CUST08619,Low
CUST08620,Low
CUST08621,Low
CUST08622,Low
CUST08623,Low
CUST08624,Low
CUST08625,Low
CUST08626,Low
CUST08627,Low
CUST08628,Low
CUST08629,Medium
CUST08630,High
CUST08631,Low
CUST08632,Low
CUST08633,Low
CUST08634,Low
CUST08635,Low
CUST08636,Low
CUST08637,Low
CUST08638,Low
CUST08639,High
CUST08640,Low
CUST08641,Low
CUST08642,Low
CUST08643,Low
CUST08644,High
CUST08645,Medium
CUST08646,Low
CUST08647,Low
CUST08648,Low
CUST08649,Low
CUST08650,Low
CUST08651,Low
CUST08652,Low
CUST08653,Low
CUST08654,Low
CUST08655,Low
CUST08656,Low
CUST08657,Low
CUST08658,Low
CUST08659,Low
CUST08660,Low
CUST08661,Low
CUST08662,Low
CUST08663,Low
CUST08664,Medium
CUST08665,Low
CUST08666,Low
CUST08667,Low
CUST08668,Low
CUST08669,Medium
CUST08670,Medium
CUST08671,Low
CUST08672,Low
CUST08673,Low
CUST08674,Low
CUST08675,Medium
CUST08676,Low
CUST08677,Low
CUST08678,Low
CUST08679,Low
CUST08680,Low
CUST08681,High
CUST08682,Low
CUST08683,Low
CUST08684,Low
CUST08685,Low
CUST08686,Medium
CUST08687,Low
CUST08688,Low
CUST08689,Low
CUST08690,High
CUST08691,Low
CUST08692,Low
CUST08693,Low
CUST08694,Medium
CUST08695,Low
CUST08696,Low
CUST08697,Low
CUST08698,Low
CUST08699,Low
CUST08700,Medium
CUST08701,Low
CUST08702,Low
CUST08703,Low
CUST08704,Low
CUST08705,Low
CUST08706,Low
CUST08707,Low
CUST08708,Low
CUST08709,Medium
CUST08710,Low
CUST08711,Low
CUST08712,Low
CUST08713,Low
CUST08714,Low
CUST08715,Low
CUST08716,Low
CUST08717,Low
CUST08718,Low
CUST08719,Low
CUST08720,Low
CUST08721,Low
CUST08722,Low
CUST08723,Low
CUST08724,Low
CUST08725,Low
CUST08726,Low
CUST08727,Low
CUST08728,Medium
CUST08729,Low
CUST08730,Low
CUST08731,Low
CUST08732,Low
CUST08733,Low
CUST08734,Low
CUST08735,Low
CUST08736,Low
CUST08737,Low
CUST08738,Low
CUST08739,Low
CUST08740,Low
CUST08741,Low
CUST08742,Low
CUST08743,Low
CUST08744,Low
CUST08745,Low
CUST08746,Low
CUST08747,Low
CUST08748,Low
CUST08749,Low
CUST08750,Low
CUST08751,Low
CUST08752,Low
CUST08753,High
CUST08754,High
CUST08755,Low
CUST08756,Low
CUST08757,Low
CUST08758,Low
CUST08759,Low
CUST08760,Low
CUST08761,Low
CUST08762,Low
CUST08763,Low
CUST08764,Low
CUST08765,Low
CUST08766,Low
CUST08767,Low
CUST08768,High
CUST08769,Low
CUST08770,Low
CUST08771,Medium
CUST08772,Low
CUST08773,Low
CUST08774,Low
CUST08775,Low
CUST08776,Low
CUST08777,Low
CUST08778,Low
CUST08779,Low
CUST08780,Low
CUST08781,Low
CUST08782,Medium
CUST08783,Medium
CUST08784,Low
CUST08785,Low
CUST08786,Low
CUST08787,Low
CUST08788,Low
CUST08789,Low
CUST08790,Low
CUST08791,Low
CUST08792,Low
CUST08793,Low
CUST08794,Low
CUST08795,Low
CUST08796,Low
CUST08797,Low
CUST08798,Low
CUST08799,Low
CUST08800,Low
CUST08801,Low
CUST08802,Low
CUST08803,Low
CUST08804,Low
CUST08805,Low
CUST08806,Low
CUST08807,Low
CUST08808,Low
CUST08809,Low
CUST08810,Low
CUST08811,Low
CUST08812,Low
CUST08813,Low
CUST08814,Low
CUST08815,Low
CUST08816,Low
CUST08817,Low
CUST08818,Low
CUST08819,Low
CUST08820,Low
CUST08821,Low
CUST08822,Low
CUST08823,High
CUST08824,Low
CUST08825,Low
CUST08826,Low
CUST08827,Low
CUST08828,Low
CUST08829,Low
CUST08830,Low
CUST08831,Low
CUST08832,Low
CUST08833,Low
CUST08834,Low
CUST08835,Low
CUST08836,Low
CUST08837,Low
CUST08838,Low
CUST08839,Low
CUST08840,Low
CUST08841,Medium
CUST08842,Low
CUST08843,Low
CUST08844,Low
CUST08845,Low
CUST08846,Low
CUST08847,Low
CUST08848,Low
CUST08849,Medium
CUST08850,Low
CUST08851,Low
CUST08852,Low
CUST08853,Low
CUST08854,Low
CUST08855,Low
CUST08856,Low
CUST08857,Low
CUST08858,Low
CUST08859,Low
CUST08860,Low
CUST08861,Low
CUST08862,High
CUST08863,Low
CUST08864,Low
CUST08865,Low
CUST08866,Low
CUST08867,Low
CUST08868,Medium
CUST08869,Low
CUST08870,Low
CUST08871,Low
CUST08872,Low
CUST08873,Low
CUST08874,Low
CUST08875,Low
CUST08876,Low
CUST08877,Low
CUST08878,High
CUST08879,Low
CUST08880,Low
CUST08881,Low
CUST08882,Low
CUST08883,Low
CUST08884,Low
CUST08885,Low
CUST08886,Low
CUST08887,Low
CUST08888,Low
CUST08889,Low
CUST08890,Low
CUST08891,Low
CUST08892,Low
CUST08893,Low
CUST08894,Low
CUST08895,Low
CUST08896,Low
CUST08897,Low
CUST08898,Low
CUST08899,Low
CUST08900,Low
CUST08901,Low
CUST08902,Low
CUST08903,Low
CUST08904,Low
CUST08905,Low
CUST08906,Medium
CUST08907,Low
CUST08908,Low
CUST08909,Low
CUST08910,Low
CUST08911,Medium
CUST08912,Low
CUST08913,Low
CUST08914,Low
CUST08915,Low
CUST08916,Low
CUST08917,Low
CUST08918,Low
CUST08919,Low
CUST08920,Low
CUST08921,Low
CUST08922,Low
CUST08923,Low
CUST08924,Low
CUST08925,Low
CUST08926,Low
CUST08927,Low
CUST08928,Low
CUST08929,Low
CUST08930,Low
CUST08931,Low
CUST08932,Medium
CUST08933,Low
CUST08934,Low
CUST08935,Low
CUST08936,Low
CUST08937,Low
CUST08938,Low
CUST08939,Low
CUST08940,Low
CUST08941,Medium
CUST08942,Low
CUST08943,Low
CUST08944,Low
CUST08945,Low
CUST08946,Low
CUST08947,Low
CUST08948,Low
CUST08949,Low
CUST08950,Low
CUST08951,Low
CUST08952,Low
CUST08953,Medium
CUST08954,Low
CUST08955,Low
CUST08956,Low
CUST08957,Low
CUST08958,Low
CUST08959,Low
CUST08960,Low
CUST08961,Low
CUST08962,Low
CUST08963,Low
CUST08964,Low
CUST08965,Low
CUST08966,Low
CUST08967,Low
CUST08968,Low
CUST08969,Low
CUST08970,Low
CUST08971,Low
CUST08972,Low
CUST08973,Medium
CUST08974,Low
CUST08975,Low
CUST08976,Low
CUST08977,Low
CUST08978,Low
CUST08979,Low
CUST08980,High
CUST08981,Low
CUST08982,Low
CUST08983,Low
CUST08984,Low
CUST08985,Low
CUST08986,Low
CUST08987,Medium
CUST08988,Medium
CUST08989,Low
CUST08990,Low
CUST08991,High
CUST08992,Low
CUST08993,Low
CUST08994,Low
CUST08995,Low
CUST08996,Low
CUST08997,Low
CUST08998,Low
CUST08999,Low
CUST09000,Low
CUST09001,Low
CUST09002,Low
CUST09003,Medium
CUST09004,Low
CUST09005,Low
CUST09006,Low
CUST09007,Low
CUST09008,Low
CUST09009,Low
CUST09010,Low
CUST09011,High
CUST09012,Low
CUST09013,Low
CUST09014,Low
CUST09015,Low
CUST09016,Low
CUST09017,High
CUST09018,Low
CUST09019,Low
CUST09020,Low
CUST09021,Low
CUST09022,Low
CUST09023,Low
CUST09024,Low
CUST09025,Low
CUST09026,Low
CUST09027,Low
CUST09028,Low
CUST09029,Low
CUST09030,Low
CUST09031,Low
CUST09032,Low
CUST09033,Low
CUST09034,Low
CUST09035,Low
CUST09036,Medium
CUST09037,Low
CUST09038,Low
CUST09039,Low
CUST09040,Low
CUST09041,Low
CUST09042,Low
CUST09043,Low
CUST09044,Low
CUST09045,Low
CUST09046,Low
CUST09047,Low
CUST09048,Low
CUST09049,Low
CUST09050,Low
CUST09051,Low
CUST09052,Low
CUST09053,Low
CUST09054,Low
CUST09055,Low
CUST09056,Low
CUST09057,Low
CUST09058,Low
CUST09059,Low
CUST09060,Low
CUST09061,Low
CUST09062,Low
CUST09063,Low
CUST09064,Low
CUST09065,High
CUST09066,Low
CUST09067,Low
CUST09068,Low
CUST09069,Medium
CUST09070,Low
CUST09071,Low
CUST09072,Low
CUST09073,Low
CUST09074,Low
CUST09075,Low
CUST09076,Low
CUST09077,Low
CUST09078,Low
CUST09079,Low
CUST09080,Low
CUST09081,Low
CUST09082,Low
CUST09083,Low
CUST09084,Low
CUST09085,Low
CUST09086,High
CUST09087,Low
CUST09088,Low
CUST09089,Low
CUST09090,Low
CUST09091,Medium
CUST09092,Medium
CUST09093,Low
CUST09094,Low
CUST09095,Low
CUST09096,Low
CUST09097,Low
CUST09098,Low
CUST09099,Low
CUST09100,Medium
CUST09101,Medium
CUST09102,Low
CUST09103,Low
CUST09104,Low
CUST09105,Low
CUST09106,Low
CUST09107,Low
CUST09108,Low
CUST09109,Low
CUST09110,Low
CUST09111,Low
CUST09112,High
CUST09113,Low
CUST09114,Low
CUST09115,Medium
CUST09116,Low
CUST09117,Low
CUST09118,Low
CUST09119,Low
CUST09120,Low
CUST09121,Low
CUST09122,High
CUST09123,Low
CUST09124,Low
CUST09125,Low
CUST09126,Low
CUST09127,Low
CUST09128,High
CUST09129,Medium
CUST09130,Low
CUST09131,Low
CUST09132,Low
CUST09133,Low
CUST09134,Low
CUST09135,Low
CUST09136,Low
CUST09137,Low
CUST09138,Low
CUST09139,Low
CUST09140,Low
CUST09141,Low
CUST09142,Low
CUST09143,Low
CUST09144,Low
CUST09145,Low
CUST09146,Low
CUST09147,Low
CUST09148,Low
CUST09149,Low
CUST09150,Low
CUST09151,Low
CUST09152,Low
CUST09153,Low
CUST09154,Low
CUST09155,Low
CUST09156,Low
CUST09157,Low
CUST09158,Low
CUST09159,Low
CUST09160,Low
CUST09161,Low
CUST09162,Low
CUST09163,Low
CUST09164,Low
CUST09165,Low
CUST09166,Low
CUST09167,Low
CUST09168,Low
CUST09169,Low
CUST09170,Low
CUST09171,Low
CUST09172,Low
CUST09173,Low
CUST09174,Low
CUST09175,Low
CUST09176,Low
CUST09177,Low
CUST09178,High
CUST09179,Low
CUST09180,Medium
CUST09181,Low
CUST09182,Low
CUST09183,Low
CUST09184,Low
CUST09185,Low
CUST09186,Low
CUST09187,Low
CUST09188,Low
CUST09189,High
CUST09190,Low
CUST09191,High
CUST09192,Low
CUST09193,Low
CUST09194,Low
CUST09195,Low
CUST09196,Low
CUST09197,Low
CUST09198,Low
CUST09199,Low
CUST09200,Low
CUST09201,Low
CUST09202,Low
CUST09203,High
CUST09204,Low
CUST09205,Medium
CUST09206,Low
CUST09207,Low
CUST09208,Low
CUST09209,Low
CUST09210,Medium
CUST09211,Medium
CUST09212,Low
CUST09213,Low
CUST09214,Low
CUST09215,Low
CUST09216,Low
CUST09217,Low
CUST09218,Low
CUST09219,Low
CUST09220,Low
CUST09221,Low
CUST09222,Low
CUST09223,Low
CUST09224,Low
CUST09225,Low
CUST09226,Medium
CUST09227,High
CUST09228,Low
CUST09229,Low
CUST09230,Low
CUST09231,Low
CUST09232,High
CUST09233,Low
CUST09234,Low
CUST09235,Low
CUST09236,Low
CUST09237,Low
CUST09238,Medium
CUST09239,Low
CUST09240,Low
CUST09241,Low
CUST09242,Low
CUST09243,Medium
CUST09244,Low
CUST09245,Low
CUST09246,Low
CUST09247,Low
CUST09248,Low
CUST09249,Low
CUST09250,Low
CUST09251,Low
CUST09252,Low
CUST09253,Low
CUST09254,Low
CUST09255,Low
CUST09256,Low
CUST09257,Low
CUST09258,Low
CUST09259,Low
CUST09260,Medium
CUST09261,Low
CUST09262,Low
CUST09263,High
CUST09264,Low
CUST09265,Low
CUST09266,Low
CUST09267,High
CUST09268,High
CUST09269,Low
CUST09270,Low
CUST09271,Low
CUST09272,Low
CUST09273,Low
CUST09274,Low
CUST09275,Low
CUST09276,Low
CUST09277,Low
CUST09278,Low
CUST09279,Low
CUST09280,Low
CUST09281,Low
CUST09282,Low
CUST09283,Low
CUST09284,Low
CUST09285,Low
CUST09286,Low
CUST09287,Low
CUST09288,Low
CUST09289,Low
CUST09290,Low
CUST09291,Low
CUST09292,Low
CUST09293,Medium
CUST09294,Low
CUST09295,Low
CUST09296,Low
CUST09297,Low
CUST09298,Medium
CUST09299,Low
CUST09300,Low
CUST09301,Low
CUST09302,Low
CUST09303,Low
CUST09304,Low
CUST09305,Medium
CUST09306,Low
CUST09307,Low
CUST09308,Medium
CUST09309,Low
CUST09310,Low
CUST09311,Low
CUST09312,Low
CUST09313,Low
CUST09314,Low
CUST09315,Low
CUST09316,Low
CUST09317,Low
CUST09318,Low
CUST09319,Low
CUST09320,Low
CUST09321,Low
CUST09322,Low
CUST09323,Low
CUST09324,Low
CUST09325,Low
CUST09326,Low
CUST09327,Low
CUST09328,Low
CUST09329,Low
CUST09330,Low
CUST09331,Low
CUST09332,Low
CUST09333,Low
CUST09334,Low
CUST09335,Low
CUST09336,Low
CUST09337,High
CUST09338,Low
CUST09339,Low
CUST09340,Low
CUST09341,Low
CUST09342,Low
CUST09343,Low
CUST09344,Low
CUST09345,Low
CUST09346,Low
CUST09347,Low
CUST09348,Low
CUST09349,Medium
CUST09350,Low
CUST09351,Low
CUST09352,Low
CUST09353,Low
CUST09354,Low
CUST09355,Low
CUST09356,Low
CUST09357,Medium
CUST09358,Low
CUST09359,Low
CUST09360,Low
CUST09361,Low
CUST09362,Low
CUST09363,High
CUST09364,Low
CUST09365,Low
CUST09366,Low
CUST09367,Low
CUST09368,Low
CUST09369,Low
CUST09370,Low
CUST09371,High
CUST09372,High
CUST09373,Low
CUST09374,Low
CUST09375,Low
CUST09376,Low
CUST09377,Low
CUST09378,Low
CUST09379,Low
CUST09380,Low
CUST09381,Low
CUST09382,Low
CUST09383,Low
CUST09384,Low
CUST09385,Low
CUST09386,Low
CUST09387,Low
CUST09388,Low
CUST09389,Low
CUST09390,Medium
CUST09391,Low
CUST09392,Low
CUST09393,Low
CUST09394,Low
CUST09395,Low
CUST09396,Medium
CUST09397,Low
CUST09398,Low
CUST09399,Low
CUST09400,Low
CUST09401,Low
CUST09402,Low
CUST09403,Low
CUST09404,High
CUST09405,Low
CUST09406,Low
CUST09407,Low
CUST09408,Low
CUST09409,Low
CUST09410,Low
CUST09411,Low
CUST09412,Low
CUST09413,Low
CUST09414,Low
CUST09415,Medium
CUST09416,Low
CUST09417,Low
CUST09418,Low
CUST09419,Low
CUST09420,Low
CUST09421,Medium
CUST09422,Low
CUST09423,Low
CUST09424,Low
CUST09425,Low
CUST09426,Low
CUST09427,Low
CUST09428,Low
CUST09429,Low
CUST09430,Low
CUST09431,Low
CUST09432,Low
CUST09433,Low
CUST09434,Low
CUST09435,Low
CUST09436,Low
CUST09437,Low
CUST09438,Low
CUST09439,Low
CUST09440,Low
CUST09441,Low
CUST09442,Low
CUST09443,Low
CUST09444,Low
CUST09445,Low
CUST09446,Low
CUST09447,High
CUST09448,Low
CUST09449,Low
CUST09450,High
CUST09451,Low
CUST09452,Low
CUST09453,Medium
CUST09454,Low
CUST09455,Low
CUST09456,Low
CUST09457,Low
CUST09458,Low
CUST09459,Low
CUST09460,Low
CUST09461,Low
CUST09462,Low
CUST09463,Low
CUST09464,Low
CUST09465,Low
CUST09466,Low
CUST09467,Low
CUST09468,Low
CUST09469,Low
CUST09470,Low
CUST09471,Low
CUST09472,Low
CUST09473,Low
CUST09474,Low
CUST09475,Low
CUST09476,Low
CUST09477,Low
CUST09478,Low
CUST09479,Low
CUST09480,Low
CUST09481,Low
CUST09482,Low
CUST09483,Low
CUST09484,Low
CUST09485,Low
CUST09486,Low
CUST09487,Low
CUST09488,Medium
CUST09489,Low
CUST09490,Low
CUST09491,Low
CUST09492,Low
CUST09493,Low
CUST09494,Low
CUST09495,Low
CUST09496,Low
CUST09497,Low
CUST09498,Low
CUST09499,Low
CUST09500,Low
CUST09501,Low
CUST09502,Low
CUST09503,Low
CUST09504,Low
CUST09505,Low
CUST09506,Low
CUST09507,Low
CUST09508,Low
CUST09509,Low
CUST09510,Low
CUST09511,Low
CUST09512,Low
CUST09513,Low
CUST09514,Low
CUST09515,Medium
CUST09516,Low
CUST09517,Low
CUST09518,Low
CUST09519,Low
CUST09520,Low
CUST09521,Low
CUST09522,Low
CUST09523,Low
CUST09524,Low
CUST09525,Low
CUST09526,Medium
CUST09527,Low
CUST09528,Low
CUST09529,Low
CUST09530,Low
CUST09531,Low
CUST09532,Medium
CUST09533,Low
CUST09534,High
CUST09535,Low
CUST09536,Low
CUST09537,Low
CUST09538,Low
CUST09539,Low
CUST09540,Low
CUST09541,Low
CUST09542,Low
CUST09543,Low
CUST09544,Low
CUST09545,Low
CUST09546,Low
CUST09547,Low
CUST09548,Low
CUST09549,Low
CUST09550,Low
CUST09551,Low
CUST09552,Low
CUST09553,Medium
CUST09554,Low
CUST09555,Low
CUST09556,Low
CUST09557,Low
CUST09558,Low
CUST09559,Low
CUST09560,Low
CUST09561,Low
CUST09562,Low
CUST09563,Medium
CUST09564,Low
CUST09565,Low
CUST09566,Low
CUST09567,Low
CUST09568,Low
CUST09569,Low
CUST09570,Low
CUST09571,High
CUST09572,Medium
CUST09573,Low
CUST09574,Medium
CUST09575,Low
CUST09576,Low
CUST09577,Low
CUST09578,Low
CUST09579,Low
CUST09580,Medium
CUST09581,Medium
CUST09582,Medium
CUST09583,Low
CUST09584,Low
CUST09585,Low
CUST09586,Low
CUST09587,Low
CUST09588,Low
CUST09589,Low
CUST09590,Low
CUST09591,Low
CUST09592,Low
CUST09593,Low
CUST09594,Low
CUST09595,Low
CUST09596,Low
CUST09597,Low
CUST09598,Low
CUST09599,Low
CUST09600,Low
CUST09601,Low
CUST09602,Low
CUST09603,Low
CUST09604,Low
CUST09605,Low
CUST09606,Low
CUST09607,Low
CUST09608,Low
CUST09609,Low
CUST09610,Low
CUST09611,Low
CUST09612,Low
CUST09613,Low
CUST09614,Low
CUST09615,Low
CUST09616,Low
CUST09617,Low
CUST09618,Low
CUST09619,Low
CUST09620,Low
CUST09621,Low
CUST09622,Low
CUST09623,Low
CUST09624,Low
CUST09625,Low
CUST09626,Low
CUST09627,Low
CUST09628,Medium
CUST09629,Low
CUST09630,High
CUST09631,Low
CUST09632,Low
CUST09633,Low
CUST09634,Low
CUST09635,Low
CUST09636,Low
CUST09637,Low
CUST09638,Low
CUST09639,Low
CUST09640,Low
CUST09641,Low
CUST09642,Low
CUST09643,Low
CUST09644,Low
CUST09645,Medium
CUST09646,Low
CUST09647,Low
CUST09648,Low
CUST09649,Low
CUST09650,Low
CUST09651,Low
CUST09652,Low
CUST09653,Low
CUST09654,Low
CUST09655,Low
CUST09656,Low
CUST09657,Low
CUST09658,Low
CUST09659,Low
CUST09660,Low
CUST09661,Low
CUST09662,Low
CUST09663,Low
CUST09664,Low
CUST09665,Low
CUST09666,High
CUST09667,Medium
CUST09668,Low
CUST09669,Low
CUST09670,High
CUST09671,Low
CUST09672,Low
CUST09673,Low
CUST09674,Low
CUST09675,Low
CUST09676,Low
CUST09677,Low
CUST09678,Low
CUST09679,Medium
CUST09680,Low
CUST09681,Low
CUST09682,Low
CUST09683,Low
CUST09684,Medium
CUST09685,Low
CUST09686,Low
CUST09687,Low
CUST09688,Low
CUST09689,Low
CUST09690,Low
CUST09691,Low
CUST09692,Low
CUST09693,High
CUST09694,Low
CUST09695,Low
CUST09696,Low
CUST09697,Low
CUST09698,Low
CUST09699,Low
CUST09700,Medium
CUST09701,Low
CUST09702,Low
CUST09703,Low
CUST09704,Low
CUST09705,Low
CUST09706,Low
CUST09707,Low
CUST09708,Low
CUST09709,Low
CUST09710,Low
CUST09711,Low
CUST09712,Low
CUST09713,Low
CUST09714,Low
CUST09715,High
CUST09716,Low
CUST09717,Low
CUST09718,Low
CUST09719,Low
CUST09720,Low
CUST09721,Low
CUST09722,Low
CUST09723,Low
CUST09724,Low
CUST09725,Low
CUST09726,Low
CUST09727,Low
CUST09728,Low
CUST09729,Low
CUST09730,Low
CUST09731,Low
CUST09732,Medium
CUST09733,Low
CUST09734,Low
CUST09735,Low
CUST09736,Low
CUST09737,Low
CUST09738,Low
CUST09739,Low
CUST09740,Low
CUST09741,Low
CUST09742,Low
CUST09743,Low
CUST09744,Low
CUST09745,Low
CUST09746,Medium
CUST09747,Low
CUST09748,Low
CUST09749,Low
CUST09750,Low
CUST09751,Low
CUST09752,Low
CUST09753,Low
CUST09754,Medium
CUST09755,Low
CUST09756,Low
CUST09757,Medium
CUST09758,Low
CUST09759,Low
CUST09760,Low
CUST09761,Low
CUST09762,High
CUST09763,Low
CUST09764,Medium
CUST09765,Low
CUST09766,Low
CUST09767,Low
CUST09768,Low
CUST09769,Low
CUST09770,Low
CUST09771,Low
CUST09772,Low
CUST09773,Low
CUST09774,Low
CUST09775,Low
CUST09776,Low
CUST09777,Low
CUST09778,Low
CUST09779,Low
CUST09780,Low
CUST09781,Low
CUST09782,Low
CUST09783,Low
CUST09784,Low
CUST09785,Low
CUST09786,Low
CUST09787,High
CUST09788,Low
CUST09789,Low
CUST09790,Low
CUST09791,High
CUST09792,Low
CUST09793,Low
CUST09794,Low
CUST09795,Low
CUST09796,Low
CUST09797,Medium
CUST09798,Low
CUST09799,Low
CUST09800,High
CUST09801,Low
CUST09802,Low
CUST09803,Low
CUST09804,Low
CUST09805,Low
CUST09806,Low
CUST09807,Low
CUST09808,Low
CUST09809,Low
CUST09810,Low
CUST09811,Low
CUST09812,Medium
CUST09813,Low
CUST09814,Low
CUST09815,Low
CUST09816,Low
CUST09817,Low
CUST09818,Low
CUST09819,Low
CUST09820,Low
CUST09821,Low
CUST09822,Low
CUST09823,Low
CUST09824,Low
CUST09825,Medium
CUST09826,High
CUST09827,Low
CUST09828,Low
CUST09829,Low
CUST09830,Low
CUST09831,Low
CUST09832,Low
CUST09833,Low
CUST09834,Low
CUST09835,Low
CUST09836,Low
CUST09837,Low
CUST09838,Low
CUST09839,Low
CUST09840,Low
CUST09841,Low
CUST09842,Low
CUST09843,Low
CUST09844,Low
CUST09845,Low
CUST09846,Low
CUST09847,Low
CUST09848,Low
CUST09849,Low
CUST09850,Low
CUST09851,Low
CUST09852,Low
CUST09853,Low
CUST09854,Medium
CUST09855,Low
CUST09856,Low
CUST09857,Low
CUST09858,Low
CUST09859,Low
CUST09860,Low
CUST09861,Low
CUST09862,Low
CUST09863,Low
CUST09864,Low
CUST09865,Low
CUST09866,Low
CUST09867,Low
CUST09868,Low
CUST09869,Low
CUST09870,High
CUST09871,Low
CUST09872,Low
CUST09873,High
CUST09874,Low
CUST09875,Low
CUST09876,Low
CUST09877,Low
CUST09878,Low
CUST09879,Low
CUST09880,Low
CUST09881,Low
CUST09882,Low
CUST09883,Low
CUST09884,Low
CUST09885,Low
CUST09886,Low
CUST09887,Low
CUST09888,Low
CUST09889,Low
CUST09890,Low
CUST09891,Low
CUST09892,Low
CUST09893,Low
CUST09894,Low
CUST09895,Low
CUST09896,Low
CUST09897,Low
CUST09898,Low
CUST09899,High
CUST09900,Low
CUST09901,Low
CUST09902,Medium
CUST09903,Low
CUST09904,Low
CUST09905,Low
CUST09906,Low
CUST09907,Low
CUST09908,Low
CUST09909,Low
CUST09910,Low
CUST09911,Low
CUST09912,Low
CUST09913,Low
CUST09914,Low
CUST09915,Low
CUST09916,Low
CUST09917,Low
CUST09918,Low
CUST09919,Low
CUST09920,Low
CUST09921,Low
CUST09922,Low
CUST09923,Low
CUST09924,Low
CUST09925,Medium
CUST09926,Low
CUST09927,Low
CUST09928,Low
CUST09929,Low
CUST09930,Low
CUST09931,Low
CUST09932,Medium
CUST09933,Low
CUST09934,Low
CUST09935,Low
CUST09936,Low
CUST09937,Low
CUST09938,Medium
CUST09939,Low
CUST09940,Low
CUST09941,Low
CUST09942,Medium
CUST09943,Low
CUST09944,Low
CUST09945,Low
CUST09946,Low
CUST09947,Low
CUST09948,Low
CUST09949,Low
CUST09950,Low
CUST09951,Low
CUST09952,Low
CUST09953,Low
CUST09954,Medium
CUST09955,Low
CUST09956,Low
CUST09957,Low
CUST09958,Low
CUST09959,Low
CUST09960,Low
CUST09961,Low
CUST09962,Low
CUST09963,Low
CUST09964,Low
CUST09965,Low
CUST09966,Low
CUST09967,High
CUST09968,Low
CUST09969,Low
CUST09970,Low
CUST09971,Low
CUST09972,Low
CUST09973,Low
CUST09974,Low
CUST09975,Low
CUST09976,Low
CUST09977,Low
CUST09978,Low
CUST09979,Low
CUST09980,Low
CUST09981,Low
CUST09982,Low
CUST09983,Low
CUST09984,Low
CUST09985,Low
CUST09986,Low
CUST09987,Low
CUST09988,Low
CUST09989,Low
CUST09990,Low
CUST09991,Low
CUST09992,Low
CUST09993,Low
CUST09994,Low
CUST09995,Medium
CUST09996,Low
CUST09997,Low
CUST09998,Medium
CUST09999,Low
CUST10000,Low
